Date,Version,NumberOfStudents,Better_roll,Worse_roll,Ticks,End_knowledge,Baseline.attention,ID,Knowledge_percent
2021-05-17,142416-1.csv,5,0.9,1.1,5745,732.5,0.1489296251080766,2,0.12750217580504786
2021-05-17,142416-1.csv,5,0.9,1.1,5745,3051,0.5385990333383093,4,0.531070496083551
2021-05-17,142416-1.csv,5,0.9,1.1,5745,1438,0.2577781905457357,3,0.25030461270670146
2021-05-17,142416-1.csv,5,0.9,1.1,5745,434.5,0.10310112913695457,1,0.07563098346388164
2021-05-17,142416-1.csv,5,0.9,1.1,5745,2762,0.49262566564859334,5,0.48076588337684945
2021-05-17,142416-10.csv,5,0.9,1.1,5745,390,0.08048006777129257,10,0.06788511749347259
2021-05-17,142416-10.csv,5,0.9,1.1,5745,481,0.09731059335120595,8,0.08372497824194952
2021-05-17,142416-10.csv,5,0.9,1.1,5745,4253,0.7521125876394312,9,0.74029590948651
2021-05-17,142416-10.csv,5,0.9,1.1,5745,2173.5,0.39395871309865027,6,0.3783289817232376
2021-05-17,142416-10.csv,5,0.9,1.1,5745,2139.5,0.3978657360319009,7,0.37241079199303745
2021-05-17,142416-11.csv,10,0.9,1.1,5745,3435,0.5940409440473529,15,0.597911227154047
2021-05-17,142416-11.csv,10,0.9,1.1,5745,4706.5,0.8098234479955825,11,0.8192341166231506
2021-05-17,142416-11.csv,10,0.9,1.1,5745,5369,0.9377053341503379,18,0.9345517841601393
2021-05-17,142416-11.csv,10,0.9,1.1,5745,5595.5,0.9929411282599602,16,0.9739773716275022
2021-05-17,142416-11.csv,10,0.9,1.1,5745,1524.5,0.2780201016790015,12,0.26536118363794603
2021-05-17,142416-11.csv,10,0.9,1.1,5745,4754.5,0.8748423661564458,13,0.8275892080069626
2021-05-17,142416-11.csv,10,0.9,1.1,5745,1112.5,0.21276977950077713,14,0.1936466492602263
2021-05-17,142416-11.csv,10,0.9,1.1,5745,3035,0.5591359018932721,17,0.5282854656222803
2021-05-17,142416-11.csv,10,0.9,1.1,5745,5514.5,0.9586471403362942,19,0.9598781549173194
2021-05-17,142416-11.csv,10,0.9,1.1,5745,5008,0.8891233845975985,20,0.8717145343777197
2021-05-17,142416-13.csv,10,0.9,1.1,5745,844.5,0.1628495106871738,25,0.14699738903394255
2021-05-17,142416-13.csv,10,0.9,1.1,5745,5354.5,0.9409037055990805,24,0.9320278503046127
2021-05-17,142416-13.csv,10,0.9,1.1,5745,146,0.047268910656179886,21,0.025413402959094864
2021-05-17,142416-13.csv,10,0.9,1.1,5745,714,0.14548420650750815,28,0.12428198433420365
2021-05-17,142416-13.csv,10,0.9,1.1,5745,4757,0.8222137624683992,22,0.8280243690165361
2021-05-17,142416-13.csv,10,0.9,1.1,5745,3231.5,0.5731743693197261,23,0.5624891209747607
2021-05-17,142416-13.csv,10,0.9,1.1,5745,1746.5,0.3265275234387274,26,0.3040034812880766
2021-05-17,142416-13.csv,10,0.9,1.1,5745,4506.5,0.8157602507032808,30,0.7844212358572672
2021-05-17,142416-13.csv,10,0.9,1.1,5745,5295.5,0.9742957466336132,27,0.9217580504786771
2021-05-17,142416-13.csv,10,0.9,1.1,5745,4725.5,0.840422059417677,29,0.8225413402959095
2021-05-17,142416-14.csv,10,0.9,1.1,5745,246.5,0.0673152808133618,34,0.04290687554395126
2021-05-17,142416-14.csv,10,0.9,1.1,5745,1152.5,0.2384212092053266,37,0.20060922541340295
2021-05-17,142416-14.csv,10,0.9,1.1,5745,707.5,0.15109788467225838,36,0.12315056570931245
2021-05-17,142416-14.csv,10,0.9,1.1,5745,4692,0.8046407992002473,35,0.816710182767624
2021-05-17,142416-14.csv,10,0.9,1.1,5745,6.5,0.02117559781759748,32,0.0011314186248912097
2021-05-17,142416-14.csv,10,0.9,1.1,5745,4938,0.907888336354328,39,0.8595300261096606
2021-05-17,142416-14.csv,10,0.9,1.1,5745,870.5,0.19271785898822757,38,0.1515230635335074
2021-05-17,142416-14.csv,10,0.9,1.1,5745,691.5,0.14210125111092364,31,0.12036553524804178
2021-05-17,142416-14.csv,10,0.9,1.1,5745,395.5,0.09075967072906965,40,0.06884247171453438
2021-05-17,142416-14.csv,10,0.9,1.1,5745,5394.5,0.9977348769921797,33,0.9389904264577894
2021-05-17,142416-15.csv,10,0.9,1.1,5745,5051,0.9334377337388426,45,0.8791993037423846
2021-05-17,142416-15.csv,10,0.9,1.1,5745,705.5,0.14560830397663505,47,0.12280243690165361
2021-05-17,142416-15.csv,10,0.9,1.1,5745,1618.5,0.3055344986200308,48,0.28172323759791124
2021-05-17,142416-15.csv,10,0.9,1.1,5745,863.5,0.17236292905423722,49,0.15030461270670148
2021-05-17,142416-15.csv,10,0.9,1.1,5745,3970.5,0.7159102059876575,46,0.6911227154046997
2021-05-17,142416-15.csv,10,0.9,1.1,5745,3877.5,0.7056408878163021,50,0.674934725848564
2021-05-17,142416-15.csv,10,0.9,1.1,5745,1551.5,0.2771853941340572,42,0.2700609225413403
2021-05-17,142416-15.csv,10,0.9,1.1,5745,2211.5,0.42128193322413077,41,0.38494342906875545
2021-05-17,142416-15.csv,10,0.9,1.1,5745,1387,0.2723344537269965,43,0.24142732811140122
2021-05-17,142416-15.csv,10,0.9,1.1,5745,1633,0.29635979406520185,44,0.28424717145343775
2021-05-17,142416-17.csv,10,0.9,1.1,5745,4603,0.7925036044484404,60,0.8012184508268059
2021-05-17,142416-17.csv,10,0.9,1.1,5745,3288,0.5847038660492497,51,0.5723237597911227
2021-05-17,142416-17.csv,10,0.9,1.1,5745,5126.5,0.8904029918216827,55,0.8923411662315056
2021-05-17,142416-17.csv,10,0.9,1.1,5745,3027,0.5419870159730636,57,0.5268929503916449
2021-05-17,142416-17.csv,10,0.9,1.1,5745,4850,0.8638632275382538,59,0.8442123585726719
2021-05-17,142416-17.csv,10,0.9,1.1,5745,2216.5,0.3887778100534075,53,0.3858137510879025
2021-05-17,142416-17.csv,10,0.9,1.1,5745,270.5,0.07053279594079187,54,0.047084421235857266
2021-05-17,142416-17.csv,10,0.9,1.1,5745,4981,0.8879107293970833,52,0.8670147954743255
2021-05-17,142416-17.csv,10,0.9,1.1,5745,2326.5,0.4255257611313157,58,0.40496083550913836
2021-05-17,142416-17.csv,10,0.9,1.1,5745,3158.5,0.5930406774668054,56,0.5497824194952132
2021-05-17,142416-18.csv,10,0.9,1.1,5745,3557.5,0.6255988784763835,68,0.6192341166231505
2021-05-17,142416-18.csv,10,0.9,1.1,5745,3091.5,0.568727807326443,61,0.5381201044386423
2021-05-17,142416-18.csv,10,0.9,1.1,5745,2663,0.4789204702363242,63,0.4635335073977372
2021-05-17,142416-18.csv,10,0.9,1.1,5745,2862.5,0.5192724221329433,64,0.49825935596170584
2021-05-17,142416-18.csv,10,0.9,1.1,5745,1996,0.3530691516254436,62,0.3474325500435161
2021-05-17,142416-18.csv,10,0.9,1.1,5745,4812.5,0.874570757271505,69,0.8376849434290687
2021-05-17,142416-18.csv,10,0.9,1.1,5745,5397,0.9812760463966673,70,0.9394255874673629
2021-05-17,142416-18.csv,10,0.9,1.1,5745,1810.5,0.33826130198712134,67,0.31514360313315926
2021-05-17,142416-18.csv,10,0.9,1.1,5745,3966.5,0.7023534298821996,66,0.690426457789382
2021-05-17,142416-18.csv,10,0.9,1.1,5745,1121,0.21028274990886042,65,0.19512619669277634
2021-05-17,142416-19.csv,10,0.9,1.1,5745,2218,0.4272121085428229,77,0.38607484769364664
2021-05-17,142416-19.csv,10,0.9,1.1,5745,1818.5,0.3598854338747952,71,0.3165361183637946
2021-05-17,142416-19.csv,10,0.9,1.1,5745,4797,0.893072199762027,72,0.8349869451697128
2021-05-17,142416-19.csv,10,0.9,1.1,5745,264,0.07101357333099667,73,0.045953002610966055
2021-05-17,142416-19.csv,10,0.9,1.1,5745,4379.5,0.8229940640053353,75,0.7623150565709312
2021-05-17,142416-19.csv,10,0.9,1.1,5745,1706.5,0.31411627269515485,76,0.2970409051348999
2021-05-17,142416-19.csv,10,0.9,1.1,5745,38.5,0.032487444950609734,74,0.0067014795474325504
2021-05-17,142416-19.csv,10,0.9,1.1,5745,39,0.028620653891138992,80,0.006788511749347258
2021-05-17,142416-19.csv,10,0.9,1.1,5745,264.5,0.06969223383136325,79,0.04604003481288076
2021-05-17,142416-19.csv,10,0.9,1.1,5745,3455.5,0.6545212794033931,78,0.60147954743255
2021-05-17,142416-2.csv,5,0.9,1.1,5745,1559.5,0.27515723409148585,82,0.2714534377719756
2021-05-17,142416-2.csv,5,0.9,1.1,5745,2392,0.42994626359674337,85,0.4163620539599652
2021-05-17,142416-2.csv,5,0.9,1.1,5745,4090,0.7177051664939951,83,0.7119234116623151
2021-05-17,142416-2.csv,5,0.9,1.1,5745,479.5,0.10524134173821587,81,0.0834638816362054
2021-05-17,142416-2.csv,5,0.9,1.1,5745,327,0.06895588241402617,84,0.05691906005221932
2021-05-17,142416-20.csv,10,0.9,1.1,5745,1881,0.3353581539324787,93,0.3274151436031332
2021-05-17,142416-20.csv,10,0.9,1.1,5745,5163.5,0.9131982607658619,87,0.8987815491731941
2021-05-17,142416-20.csv,10,0.9,1.1,5745,5056,0.8696318460480532,95,0.8800696257615318
2021-05-17,142416-20.csv,10,0.9,1.1,5745,3699.5,0.6776746501239868,88,0.6439512619669278
2021-05-17,142416-20.csv,10,0.9,1.1,5745,5152.5,0.9106772908782488,94,0.8968668407310705
2021-05-17,142416-20.csv,10,0.9,1.1,5745,1381.5,0.26162209357572175,91,0.24046997389033942
2021-05-17,142416-20.csv,10,0.9,1.1,5745,1480,0.2795206443550863,89,0.257615317667537
2021-05-17,142416-20.csv,10,0.9,1.1,5745,74,0.037937754593322826,92,0.01288076588337685
2021-05-17,142416-20.csv,10,0.9,1.1,5745,2470.5,0.43662544654122304,86,0.4300261096605744
2021-05-17,142416-20.csv,10,0.9,1.1,5745,1590.5,0.3076585343332733,90,0.27684943429068753
2021-05-17,142416-3.csv,5,0.9,1.1,5745,3757,0.6678329976956041,97,0.6539599651871192
2021-05-17,142416-3.csv,5,0.9,1.1,5745,523,0.10486712915117624,99,0.09103568320278503
2021-05-17,142416-3.csv,5,0.9,1.1,5745,4430,0.7858632333642351,98,0.7711053089643168
2021-05-17,142416-3.csv,5,0.9,1.1,5745,1301.5,0.22937753893324808,96,0.22654482158398606
2021-05-17,142416-3.csv,5,0.9,1.1,5745,5285,0.931720075530558,100,0.9199303742384682
2021-05-17,142416-4.csv,5,0.9,1.1,5745,3598.5,0.6390560367203096,104,0.6263707571801567
2021-05-17,142416-4.csv,5,0.9,1.1,5745,3414,0.6098588465471693,105,0.5942558746736293
2021-05-17,142416-4.csv,5,0.9,1.1,5745,1635,0.28465068127943116,102,0.2845953002610966
2021-05-17,142416-4.csv,5,0.9,1.1,5745,4555,0.8006758203938342,103,0.7928633594429939
2021-05-17,142416-4.csv,5,0.9,1.1,5745,2182,0.38593996039579614,101,0.37980852915578767
2021-05-17,142416-5.csv,5,0.9,1.1,5745,4004.5,0.705186289265888,106,0.6970409051348999
2021-05-17,142416-5.csv,5,0.9,1.1,5745,323.5,0.06815754759352621,110,0.056309834638816364
2021-05-17,142416-5.csv,5,0.9,1.1,5745,2053.5,0.3777426840507433,109,0.35744125326370757
2021-05-17,142416-5.csv,5,0.9,1.1,5745,3764,0.6716358140175785,107,0.6551784160139251
2021-05-17,142416-5.csv,5,0.9,1.1,5745,359,0.07694503878500047,108,0.06248912097476066
2021-05-17,142416-6.csv,5,0.9,1.1,5745,4514.5,0.7887979122594516,114,0.7858137510879025
2021-05-17,142416-6.csv,5,0.9,1.1,5745,15,0.014444918891263536,115,0.0026109660574412533
2021-05-17,142416-6.csv,5,0.9,1.1,5745,1106,0.20718976399763978,113,0.19251523063533507
2021-05-17,142416-6.csv,5,0.9,1.1,5745,4571,0.8053985985594602,111,0.7956483899042646
2021-05-17,142416-6.csv,5,0.9,1.1,5745,3446.5,0.6240097810869312,112,0.5999129677980853
2021-05-17,142416-7.csv,5,0.9,1.1,5745,5320.5,0.9416004350367247,120,0.9261096605744126
2021-05-17,142416-7.csv,5,0.9,1.1,5745,2740,0.48993303097988694,116,0.47693646649260224
2021-05-17,142416-7.csv,5,0.9,1.1,5745,1299,0.23484529348805572,117,0.22610966057441254
2021-05-17,142416-7.csv,5,0.9,1.1,5745,2890.5,0.5194400817402298,118,0.5031331592689295
2021-05-17,142416-7.csv,5,0.9,1.1,5745,203,0.04684477993590408,119,0.03533507397737163
2021-05-17,142416-8.csv,5,0.9,1.1,5745,92,0.027867888000849717,123,0.016013925152306353
2021-05-17,142416-8.csv,5,0.9,1.1,5745,242,0.06148574065172829,121,0.042123585726718885
2021-05-17,142416-8.csv,5,0.9,1.1,5745,3674,0.6448772382502765,124,0.6395126196692776
2021-05-17,142416-8.csv,5,0.9,1.1,5745,1920,0.3512736826313746,125,0.3342036553524804
2021-05-17,142416-8.csv,5,0.9,1.1,5745,5595.5,0.9909383812588366,122,0.9739773716275022
2021-05-17,142416-9.csv,5,0.9,1.1,5745,1603,0.2928488688115338,129,0.2790252393385553
2021-05-17,142416-9.csv,5,0.9,1.1,5745,5167,0.8879549106897823,127,0.899390774586597
2021-05-17,142416-9.csv,5,0.9,1.1,5745,2234,0.4032207243391539,126,0.3888598781549173
2021-05-17,142416-9.csv,5,0.9,1.1,5745,5552,0.9739896485460748,128,0.9664055700609225
2021-05-17,142416-9.csv,5,0.9,1.1,5745,26,0.016935837663215714,130,0.004525674499564839
2021-05-17,142417-12.csv,10,0.9,1.1,5745,3325.5,0.6231119068665034,140,0.5788511749347258
2021-05-17,142417-12.csv,10,0.9,1.1,5745,395.5,0.08933857486645691,136,0.06884247171453438
2021-05-17,142417-12.csv,10,0.9,1.1,5745,4408,0.8056827552805387,131,0.7672758920800696
2021-05-17,142417-12.csv,10,0.9,1.1,5745,3532,0.6158966319501011,132,0.6147954743255004
2021-05-17,142417-12.csv,10,0.9,1.1,5745,1370,0.26087649031730953,139,0.23846823324630112
2021-05-17,142417-12.csv,10,0.9,1.1,5745,4252,0.7701571663998336,138,0.7401218450826806
2021-05-17,142417-12.csv,10,0.9,1.1,5745,4526.5,0.8150735261016118,135,0.7879025239338555
2021-05-17,142417-12.csv,10,0.9,1.1,5745,3058,0.5480631656356048,133,0.5322889469103569
2021-05-17,142417-12.csv,10,0.9,1.1,5745,3694,0.6514350861198581,137,0.642993907745866
2021-05-17,142417-12.csv,10,0.9,1.1,5745,2790.5,0.4911578785370637,134,0.48572671888598784
2021-05-17,142417-16.csv,10,0.9,1.1,5745,2750.5,0.49970476343211956,141,0.47876414273281115
2021-05-17,142417-16.csv,10,0.9,1.1,5745,3608.5,0.6692427941091214,148,0.6281114012184509
2021-05-17,142417-16.csv,10,0.9,1.1,5745,522.5,0.1142926891750734,145,0.09094865100087032
2021-05-17,142417-16.csv,10,0.9,1.1,5745,1082.5,0.22141546452271255,147,0.18842471714534378
2021-05-17,142417-16.csv,10,0.9,1.1,5745,1464.5,0.27816685051473966,143,0.254917319408181
2021-05-17,142417-16.csv,10,0.9,1.1,5745,3150,0.5578956389633705,142,0.5483028720626631
2021-05-17,142417-16.csv,10,0.9,1.1,5745,3139.5,0.5855516347543075,149,0.5464751958224543
2021-05-17,142417-16.csv,10,0.9,1.1,5745,4601,0.8342355052791546,146,0.8008703220191471
2021-05-17,142417-16.csv,10,0.9,1.1,5745,1794.5,0.3378269101151873,144,0.3123585726718886
2021-05-17,142417-16.csv,10,0.9,1.1,5745,1473,0.28913604062194187,150,0.2563968668407311
2021-05-17,142417-21.csv,15,0.9,1.1,5745,132.5,0.06910982368559648,153,0.023063533507397736
2021-05-17,142417-21.csv,15,0.9,1.1,5745,4252,0.7703758574667902,154,0.7401218450826806
2021-05-17,142417-21.csv,15,0.9,1.1,5745,1714,0.3321445581411655,158,0.2983463881636205
2021-05-17,142417-21.csv,15,0.9,1.1,5745,2211.5,0.3979527601643268,156,0.38494342906875545
2021-05-17,142417-21.csv,15,0.9,1.1,5745,4921.5,0.8703544069513283,165,0.8566579634464752
2021-05-17,142417-21.csv,15,0.9,1.1,5745,2179.5,0.4298403807677964,152,0.3793733681462141
2021-05-17,142417-21.csv,15,0.9,1.1,5745,2106,0.39456800101176903,161,0.36657963446475195
2021-05-17,142417-21.csv,15,0.9,1.1,5745,4620,0.8590099341215524,151,0.804177545691906
2021-05-17,142417-21.csv,15,0.9,1.1,5745,1473,0.298790685642504,164,0.2563968668407311
2021-05-17,142417-21.csv,15,0.9,1.1,5745,5258.5,0.9343146892529323,163,0.9153176675369887
2021-05-17,142417-21.csv,15,0.9,1.1,5745,2840.5,0.5624077173603297,157,0.49442993907745864
2021-05-17,142417-21.csv,15,0.9,1.1,5745,3058.5,0.5700678296956023,159,0.5323759791122715
2021-05-17,142417-21.csv,15,0.9,1.1,5745,2953,0.5883113418745923,162,0.514012184508268
2021-05-17,142417-21.csv,15,0.9,1.1,5745,4191.5,0.7608149500766876,155,0.7295909486510008
2021-05-17,142417-21.csv,15,0.9,1.1,5745,1307,0.27907333369604526,160,0.22750217580504786
2021-05-17,142417-22.csv,15,0.9,1.1,5745,4132,0.7555448969098529,168,0.7192341166231506
2021-05-17,142417-22.csv,15,0.9,1.1,5745,96.5,0.05903587562547363,173,0.01679721496953873
2021-05-17,142417-22.csv,15,0.9,1.1,5745,5157.5,0.9338611099988605,167,0.8977371627502175
2021-05-17,142417-22.csv,15,0.9,1.1,5745,2212,0.44294174933751296,180,0.38503046127067014
2021-05-17,142417-22.csv,15,0.9,1.1,5745,4390,0.7998020383408934,169,0.7641427328111401
2021-05-17,142417-22.csv,15,0.9,1.1,5745,1702.5,0.3388597076066593,174,0.2963446475195822
2021-05-17,142417-22.csv,15,0.9,1.1,5745,1509,0.30518773229456,176,0.26266318537859007
2021-05-17,142417-22.csv,15,0.9,1.1,5745,0,0.02209727798872496,177,0
2021-05-17,142417-22.csv,15,0.9,1.1,5745,2600,0.49413701271484467,171,0.4525674499564839
2021-05-17,142417-22.csv,15,0.9,1.1,5745,4168,0.7884392411763271,178,0.7255004351610096
2021-05-17,142417-22.csv,15,0.9,1.1,5745,3418.5,0.6555484941988726,172,0.5950391644908616
2021-05-17,142417-22.csv,15,0.9,1.1,5745,787,0.18316806201900737,170,0.1369886858137511
2021-05-17,142417-22.csv,15,0.9,1.1,5745,4164.5,0.7389775471989504,179,0.7248912097476066
2021-05-17,142417-22.csv,15,0.9,1.1,5745,3936.5,0.7217222115773655,175,0.6852045256744995
2021-05-17,142417-22.csv,15,0.9,1.1,5745,39.5,0.04965462234365836,166,0.006875543951261967
2021-05-17,142417-23.csv,15,0.9,1.1,5745,0,0.01737542405769832,192,0
2021-05-17,142417-23.csv,15,0.9,1.1,5745,1077.5,0.23836306136827345,188,0.1875543951261967
2021-05-17,142417-23.csv,15,0.9,1.1,5745,3454,0.6745447618202525,181,0.6012184508268059
2021-05-17,142417-23.csv,15,0.9,1.1,5745,1149.5,0.23623525721218408,182,0.2000870322019147
2021-05-17,142417-23.csv,15,0.9,1.1,5745,2874,0.5413334763320391,190,0.5002610966057441
2021-05-17,142417-23.csv,15,0.9,1.1,5745,4112.5,0.7743027691078442,185,0.7158398607484769
2021-05-17,142417-23.csv,15,0.9,1.1,5745,3615,0.704752178300976,183,0.6292428198433421
2021-05-17,142417-23.csv,15,0.9,1.1,5745,3622,0.6928193181463813,186,0.6304612706701479
2021-05-17,142417-23.csv,15,0.9,1.1,5745,5227,0.9936541049173953,187,0.9098346388163621
2021-05-17,142417-23.csv,15,0.9,1.1,5745,381,0.10771910462453083,194,0.06631853785900783
2021-05-17,142417-23.csv,15,0.9,1.1,5745,24,0.04005411798101932,193,0.004177545691906005
2021-05-17,142417-23.csv,15,0.9,1.1,5745,1958,0.3922929128247695,195,0.3408181026979983
2021-05-17,142417-23.csv,15,0.9,1.1,5745,30,0.043076484579131824,189,0.005221932114882507
2021-05-17,142417-23.csv,15,0.9,1.1,5745,4350,0.8423659241372918,191,0.7571801566579635
2021-05-17,142417-23.csv,15,0.9,1.1,5745,426,0.12108937994685398,184,0.07415143603133159
2021-05-17,142417-24.csv,15,0.9,1.1,5745,2758.5,0.5219170266444841,200,0.4801566579634465
2021-05-17,142417-24.csv,15,0.9,1.1,5745,3353.5,0.6248579438207958,207,0.5837249782419495
2021-05-17,142417-24.csv,15,0.9,1.1,5745,127.5,0.06664373929923317,201,0.022193211488250653
2021-05-17,142417-24.csv,15,0.9,1.1,5745,1411.5,0.2772361852998785,202,0.24569190600522192
2021-05-17,142417-24.csv,15,0.9,1.1,5745,3910.5,0.745630907339114,205,0.6806788511749348
2021-05-17,142417-24.csv,15,0.9,1.1,5745,2199,0.42300731100626376,206,0.3827676240208877
2021-05-17,142417-24.csv,15,0.9,1.1,5745,1,0.013972954775015478,209,1.7406440382941688e-4
2021-05-17,142417-24.csv,15,0.9,1.1,5745,5317.5,0.9784139911156812,199,0.9255874673629243
2021-05-17,142417-24.csv,15,0.9,1.1,5745,939,0.20717706004939518,197,0.16344647519582245
2021-05-17,142417-24.csv,15,0.9,1.1,5745,3521,0.6482229506028321,208,0.6128807658833768
2021-05-17,142417-24.csv,15,0.9,1.1,5745,1710.5,0.34378389169018264,204,0.29773716275021755
2021-05-17,142417-24.csv,15,0.9,1.1,5745,634.5,0.15308688551245075,196,0.11044386422976502
2021-05-17,142417-24.csv,15,0.9,1.1,5745,3059,0.5947489872335212,203,0.5324630113141863
2021-05-17,142417-24.csv,15,0.9,1.1,5745,3215,0.6032417146206875,198,0.5596170583115753
2021-05-17,142417-24.csv,15,0.9,1.1,5745,4658,0.8759947696033606,210,0.8107919930374239
2021-05-17,142417-29.csv,15,0.9,1.1,5745,4134,0.7761444711349675,222,0.7195822454308094
2021-05-17,142417-29.csv,15,0.9,1.1,5745,5276.5,0.967632682650061,216,0.9184508268059182
2021-05-17,142417-29.csv,15,0.9,1.1,5745,173.5,0.07250920347366852,221,0.03020017406440383
2021-05-17,142417-29.csv,15,0.9,1.1,5745,2299.5,0.44541071574275826,225,0.4002610966057441
2021-05-17,142417-29.csv,15,0.9,1.1,5745,5144,0.9259452450338227,212,0.8953872932985204
2021-05-17,142417-29.csv,15,0.9,1.1,5745,2326,0.45933940876416124,218,0.40487380330722367
2021-05-17,142417-29.csv,15,0.9,1.1,5745,2824,0.552208001782602,224,0.4915578764142733
2021-05-17,142417-29.csv,15,0.9,1.1,5745,0,0.010865274060119168,220,0
2021-05-17,142417-29.csv,15,0.9,1.1,5745,654.5,0.16256237664079853,223,0.11392515230635335
2021-05-17,142417-29.csv,15,0.9,1.1,5745,2692.5,0.4908965176474873,215,0.46866840731070497
2021-05-17,142417-29.csv,15,0.9,1.1,5745,5058,0.92981393693129,214,0.8804177545691906
2021-05-17,142417-29.csv,15,0.9,1.1,5745,5413,0.9893162711269835,213,0.9422106179286336
2021-05-17,142417-29.csv,15,0.9,1.1,5745,1278,0.2603095949857438,211,0.22245430809399477
2021-05-17,142417-29.csv,15,0.9,1.1,5745,112.5,0.0635447162212831,219,0.0195822454308094
2021-05-17,142417-29.csv,15,0.9,1.1,5745,708.5,0.1604192390834427,217,0.12332463011314186
2021-05-17,142417-30.csv,15,0.9,1.1,5745,5020.5,0.9233546668392959,229,0.8738903394255875
2021-05-17,142417-30.csv,15,0.9,1.1,5745,3303,0.637240379605287,230,0.574934725848564
2021-05-17,142417-30.csv,15,0.9,1.1,5745,4141.5,0.7769028950475527,233,0.72088772845953
2021-05-17,142417-30.csv,15,0.9,1.1,5745,549.5,0.13580195148768726,228,0.09564838990426458
2021-05-17,142417-30.csv,15,0.9,1.1,5745,2667,0.5232621983652246,231,0.46422976501305485
2021-05-17,142417-30.csv,15,0.9,1.1,5745,2452.5,0.4622189083269018,239,0.42689295039164493
2021-05-17,142417-30.csv,15,0.9,1.1,5745,3654.5,0.6575782311269659,240,0.636118363794604
2021-05-17,142417-30.csv,15,0.9,1.1,5745,1732.5,0.34175730215257727,236,0.30156657963446476
2021-05-17,142417-30.csv,15,0.9,1.1,5745,2714.5,0.5072307081938219,232,0.4724978241949521
2021-05-17,142417-30.csv,15,0.9,1.1,5745,2250.5,0.4351346711842474,234,0.3917319408181027
2021-05-17,142417-30.csv,15,0.9,1.1,5745,4353,0.8229611652889713,227,0.7577023498694517
2021-05-17,142417-30.csv,15,0.9,1.1,5745,5187,0.9271917620832995,235,0.9028720626631854
2021-05-17,142417-30.csv,15,0.9,1.1,5745,3444,0.6295828248491558,237,0.5994778067885117
2021-05-17,142417-30.csv,15,0.9,1.1,5745,993,0.21880325550606394,226,0.17284595300261096
2021-05-17,142417-30.csv,15,0.9,1.1,5745,1027.5,0.2257741023509635,238,0.17885117493472585
2021-05-17,142418-25.csv,15,0.9,1.1,5745,3908,0.7248650569787162,244,0.6802436901653612
2021-05-17,142418-25.csv,15,0.9,1.1,5745,1744,0.3531761392424956,242,0.30356832027850306
2021-05-17,142418-25.csv,15,0.9,1.1,5745,1505,0.30994786310461175,248,0.2619669277632724
2021-05-17,142418-25.csv,15,0.9,1.1,5745,1736,0.3547079805895791,252,0.30217580504786773
2021-05-17,142418-25.csv,15,0.9,1.1,5745,2529,0.477577686509595,251,0.4402088772845953
2021-05-17,142418-25.csv,15,0.9,1.1,5745,1942,0.39808152205615,253,0.33803307223672757
2021-05-17,142418-25.csv,15,0.9,1.1,5745,1247.5,0.2531076142037505,249,0.21714534377719757
2021-05-17,142418-25.csv,15,0.9,1.1,5745,1368,0.2716051254436591,254,0.2381201044386423
2021-05-17,142418-25.csv,15,0.9,1.1,5745,2493,0.47387781278376306,255,0.4339425587467363
2021-05-17,142418-25.csv,15,0.9,1.1,5745,5106.5,0.937015218869608,243,0.8888598781549173
2021-05-17,142418-25.csv,15,0.9,1.1,5745,4532,0.8413531756149222,241,0.7888598781549173
2021-05-17,142418-25.csv,15,0.9,1.1,5745,2396,0.46022413497062165,250,0.41705831157528284
2021-05-17,142418-25.csv,15,0.9,1.1,5745,1057.5,0.22566565756162105,245,0.18407310704960836
2021-05-17,142418-25.csv,15,0.9,1.1,5745,3976,0.7622001563099218,247,0.6920800696257615
2021-05-17,142418-25.csv,15,0.9,1.1,5745,2377.5,0.4632844532455679,246,0.41383812010443866
2021-05-17,142418-26.csv,15,0.9,1.1,5745,1815,0.3604542192832091,262,0.31592689295039167
2021-05-17,142418-26.csv,15,0.9,1.1,5745,811.5,0.1823758915174969,259,0.1412532637075718
2021-05-17,142418-26.csv,15,0.9,1.1,5745,3185,0.5995060040394147,269,0.5543951261966927
2021-05-17,142418-26.csv,15,0.9,1.1,5745,1137.5,0.23429388034973675,265,0.19799825935596171
2021-05-17,142418-26.csv,15,0.9,1.1,5745,1010,0.22124324461366351,264,0.17580504786771106
2021-05-17,142418-26.csv,15,0.9,1.1,5745,4700,0.8582595415628845,268,0.8181026979982594
2021-05-17,142418-26.csv,15,0.9,1.1,5745,13.5,0.03883560133612518,270,0.002349869451697128
2021-05-17,142418-26.csv,15,0.9,1.1,5745,2,0.020315326736318307,257,3.4812880765883376e-4
2021-05-17,142418-26.csv,15,0.9,1.1,5745,4516,0.8518331955688705,261,0.7860748476936467
2021-05-17,142418-26.csv,15,0.9,1.1,5745,1642,0.34724817596380586,266,0.2858137510879025
2021-05-17,142418-26.csv,15,0.9,1.1,5745,4932.5,0.8741413129809205,263,0.8585726718885988
2021-05-17,142418-26.csv,15,0.9,1.1,5745,2240,0.4396229622336516,267,0.38990426457789384
2021-05-17,142418-26.csv,15,0.9,1.1,5745,4678,0.8700134427175953,258,0.8142732811140122
2021-05-17,142418-26.csv,15,0.9,1.1,5745,1849,0.3629888590279742,256,0.3218450826805918
2021-05-17,142418-26.csv,15,0.9,1.1,5745,4865.5,0.9305037182078729,260,0.8469103568320279
2021-05-17,142418-27.csv,15,0.9,1.1,5745,1222.5,0.25370134088623886,279,0.21279373368146215
2021-05-17,142418-27.csv,15,0.9,1.1,5745,664,0.16754626456302446,284,0.11557876414273281
2021-05-17,142418-27.csv,15,0.9,1.1,5745,1641.5,0.32145309961947477,275,0.28572671888598783
2021-05-17,142418-27.csv,15,0.9,1.1,5745,526.5,0.134400271519574,281,0.09164490861618799
2021-05-17,142418-27.csv,15,0.9,1.1,5745,2994,0.578909060749532,282,0.5211488250652742
2021-05-17,142418-27.csv,15,0.9,1.1,5745,4366.5,0.8106134866837869,276,0.7600522193211489
2021-05-17,142418-27.csv,15,0.9,1.1,5745,425.5,0.11945494361419251,280,0.07406440382941688
2021-05-17,142418-27.csv,15,0.9,1.1,5745,4368,0.8244523032019274,277,0.760313315926893
2021-05-17,142418-27.csv,15,0.9,1.1,5745,8,0.036319432917122585,283,0.001392515230635335
2021-05-17,142418-27.csv,15,0.9,1.1,5745,0,0.009403523619061493,273,0
2021-05-17,142418-27.csv,15,0.9,1.1,5745,3107,0.5968219073200195,278,0.5408181026979982
2021-05-17,142418-27.csv,15,0.9,1.1,5745,3722,0.7165739506207914,274,0.6478677110530896
2021-05-17,142418-27.csv,15,0.9,1.1,5745,1622.5,0.33019929868771714,285,0.2824194952132289
2021-05-17,142418-27.csv,15,0.9,1.1,5745,1006,0.2319312514308497,271,0.1751087902523934
2021-05-17,142418-27.csv,15,0.9,1.1,5745,1753,0.34450491163542907,272,0.30513489991296777
2021-05-17,142418-28.csv,15,0.9,1.1,5745,1237,0.2610015461374159,297,0.2153176675369887
2021-05-17,142418-28.csv,15,0.9,1.1,5745,2753,0.5318430155574907,289,0.4791993037423847
2021-05-17,142418-28.csv,15,0.9,1.1,5745,554.5,0.1454922348800608,299,0.09651871192341166
2021-05-17,142418-28.csv,15,0.9,1.1,5745,5231,0.9843515746735823,291,0.9105308964316797
2021-05-17,142418-28.csv,15,0.9,1.1,5745,653.5,0.1660435737555821,294,0.11375108790252393
2021-05-17,142418-28.csv,15,0.9,1.1,5745,424.5,0.11713949475067098,287,0.07389033942558747
2021-05-17,142418-28.csv,15,0.9,1.1,5745,1337,0.2728738560186472,295,0.23272410791993037
2021-05-17,142418-28.csv,15,0.9,1.1,5745,5058.5,0.9311207312301067,296,0.8805047867711053
2021-05-17,142418-28.csv,15,0.9,1.1,5745,2135.5,0.4097397707286018,300,0.37171453437771973
2021-05-17,142418-28.csv,15,0.9,1.1,5745,1001.5,0.22132185165285434,292,0.174325500435161
2021-05-17,142418-28.csv,15,0.9,1.1,5745,2742.5,0.510440127072638,293,0.4773716275021758
2021-05-17,142418-28.csv,15,0.9,1.1,5745,143.5,0.06826751234521855,288,0.024978241949521324
2021-05-17,142418-28.csv,15,0.9,1.1,5745,4206.5,0.8004692341049527,298,0.7322019147084421
2021-05-17,142418-28.csv,15,0.9,1.1,5745,3568.5,0.6622716248276022,290,0.6211488250652741
2021-05-17,142418-28.csv,15,0.9,1.1,5745,4853,0.9199164019230738,286,0.8447345517841601
2021-05-17,142419-31.csv,20,0.9,1.1,11490,2,0.04288213102049243,309,1.7406440382941688e-4
2021-05-17,142419-31.csv,20,0.9,1.1,11490,9255.5,0.9153964956123216,311,0.805526544821584
2021-05-17,142419-31.csv,20,0.9,1.1,11490,6066.5,0.6265037848044357,307,0.5279808529155787
2021-05-17,142419-31.csv,20,0.9,1.1,11490,10384,0.9838474826253002,308,0.9037423846823325
2021-05-17,142419-31.csv,20,0.9,1.1,11490,9976,0.9294198230883065,310,0.8682332463011314
2021-05-17,142419-31.csv,20,0.9,1.1,11490,7884,0.7607519486981413,302,0.6861618798955613
2021-05-17,142419-31.csv,20,0.9,1.1,11490,7797,0.7319101866642644,306,0.6785900783289818
2021-05-17,142419-31.csv,20,0.9,1.1,11490,8531.5,0.7933983574531602,320,0.7425152306353351
2021-05-17,142419-31.csv,20,0.9,1.1,11490,9718.5,0.9344805207485375,304,0.845822454308094
2021-05-17,142419-31.csv,20,0.9,1.1,11490,2243,0.2721014500064337,317,0.19521322889469103
2021-05-17,142419-31.csv,20,0.9,1.1,11490,8018.5,0.8035879328193517,316,0.6978677110530896
2021-05-17,142419-31.csv,20,0.9,1.1,11490,4644,0.502954077788205,313,0.404177545691906
2021-05-17,142419-31.csv,20,0.9,1.1,11490,0,0.006601491807048276,312,0
2021-05-17,142419-31.csv,20,0.9,1.1,11490,5875,0.572164959331377,303,0.5113141862489121
2021-05-17,142419-31.csv,20,0.9,1.1,11490,10035,0.9848698100944806,301,0.8733681462140992
2021-05-17,142419-31.csv,20,0.9,1.1,11490,1280.5,0.1889215649293513,314,0.11144473455178416
2021-05-17,142419-31.csv,20,0.9,1.1,11490,0,0.023286829992059,319,0
2021-05-17,142419-31.csv,20,0.9,1.1,11490,2514,0.28898333982774327,318,0.218798955613577
2021-05-17,142419-31.csv,20,0.9,1.1,11490,4389,0.4456274530978366,315,0.38198433420365535
2021-05-17,142419-31.csv,20,0.9,1.1,11490,9629,0.9006776668615769,305,0.8380330722367276
2021-05-17,142419-32.csv,20,0.9,1.1,11490,0,0.005945174369864192,328,0
2021-05-17,142419-32.csv,20,0.9,1.1,11490,9317,0.9020712707398444,327,0.8108790252393385
2021-05-17,142419-32.csv,20,0.9,1.1,11490,4774,0.5067162746037155,322,0.4154917319408181
2021-05-17,142419-32.csv,20,0.9,1.1,11490,4961,0.5133862131999666,333,0.4317667536988686
2021-05-17,142419-32.csv,20,0.9,1.1,11490,9902.5,0.9537860840613334,337,0.8618363794604004
2021-05-17,142419-32.csv,20,0.9,1.1,11490,6738.5,0.6657884325525327,332,0.5864664926022628
2021-05-17,142419-32.csv,20,0.9,1.1,11490,5139,0.5287668056722106,340,0.4472584856396867
2021-05-17,142419-32.csv,20,0.9,1.1,11490,2651,0.30502764853821995,335,0.23072236727589207
2021-05-17,142419-32.csv,20,0.9,1.1,11490,2425.5,0.29872100150515324,329,0.21109660574412534
2021-05-17,142419-32.csv,20,0.9,1.1,11490,2496.5,0.29558109504717567,334,0.21727589208006962
2021-05-17,142419-32.csv,20,0.9,1.1,11490,814,0.15026317030054315,331,0.07084421235857268
2021-05-17,142419-32.csv,20,0.9,1.1,11490,3835.5,0.42615656643562627,326,0.3338120104438642
2021-05-17,142419-32.csv,20,0.9,1.1,11490,1639.5,0.22128137727462283,323,0.1426892950391645
2021-05-17,142419-32.csv,20,0.9,1.1,11490,731.5,0.14068735246103814,339,0.06366405570060922
2021-05-17,142419-32.csv,20,0.9,1.1,11490,9147.5,0.8786908431247448,321,0.7961270670147955
2021-05-17,142419-32.csv,20,0.9,1.1,11490,7441,0.7017508658671736,324,0.6476066144473455
2021-05-17,142419-32.csv,20,0.9,1.1,11490,6727.5,0.6745949016732566,330,0.585509138381201
2021-05-17,142419-32.csv,20,0.9,1.1,11490,3341,0.3828897135996262,338,0.2907745865970409
2021-05-17,142419-32.csv,20,0.9,1.1,11490,6515.5,0.6656166112939932,336,0.5670583115752829
2021-05-17,142419-32.csv,20,0.9,1.1,11490,9843,0.9619819944658723,325,0.8566579634464752
2021-05-17,142419-37.csv,20,0.9,1.1,11490,2254,0.27936091186838397,346,0.19617058311575283
2021-05-17,142419-37.csv,20,0.9,1.1,11490,8586,0.8486753056770671,341,0.7472584856396867
2021-05-17,142419-37.csv,20,0.9,1.1,11490,7.5,0.053748072377126976,360,6.527415143603133e-4
2021-05-17,142419-37.csv,20,0.9,1.1,11490,8021,0.811442358663361,343,0.6980852915578765
2021-05-17,142419-37.csv,20,0.9,1.1,11490,0,0.016491088854864833,359,0
2021-05-17,142419-37.csv,20,0.9,1.1,11490,181.5,0.09710078671470124,354,0.015796344647519583
2021-05-17,142419-37.csv,20,0.9,1.1,11490,2569.5,0.3151796744801437,349,0.22362924281984334
2021-05-17,142419-37.csv,20,0.9,1.1,11490,1213.5,0.1920017552440869,342,0.10561357702349869
2021-05-17,142419-37.csv,20,0.9,1.1,11490,4231,0.4673376685869428,357,0.3682332463011314
2021-05-17,142419-37.csv,20,0.9,1.1,11490,1908,0.25335834140121394,356,0.16605744125326372
2021-05-17,142419-37.csv,20,0.9,1.1,11490,49.5,0.07057201248416078,358,0.004308093994778068
2021-05-17,142419-37.csv,20,0.9,1.1,11490,5173.5,0.5408934083701463,352,0.45026109660574415
2021-05-17,142419-37.csv,20,0.9,1.1,11490,7218.5,0.7142125672074491,353,0.6282419495213228
2021-05-17,142419-37.csv,20,0.9,1.1,11490,5214.5,0.5459250343919958,350,0.45382941688424716
2021-05-17,142419-37.csv,20,0.9,1.1,11490,850,0.15690684236421681,345,0.07397737162750218
2021-05-17,142419-37.csv,20,0.9,1.1,11490,8063.5,0.804638283647399,351,0.7017841601392515
2021-05-17,142419-37.csv,20,0.9,1.1,11490,4233,0.44534311006872107,347,0.36840731070496086
2021-05-17,142419-37.csv,20,0.9,1.1,11490,3486.5,0.3744787677906404,344,0.303437771975631
2021-05-17,142419-37.csv,20,0.9,1.1,11490,4256.5,0.46180271032833375,355,0.37045256744995647
2021-05-17,142419-37.csv,20,0.9,1.1,11490,208,0.0957868201920491,348,0.018102697998259355
2021-05-17,142419-38.csv,20,0.9,1.1,11490,7136.5,0.6993944287512678,363,0.6211053089643168
2021-05-17,142419-38.csv,20,0.9,1.1,11490,0,0.01640577849133018,362,0
2021-05-17,142419-38.csv,20,0.9,1.1,11490,4543,0.4664317739176793,380,0.39538729329852046
2021-05-17,142419-38.csv,20,0.9,1.1,11490,1,0.03756761363089833,361,8.703220191470844e-5
2021-05-17,142419-38.csv,20,0.9,1.1,11490,9634.5,0.9430991973444226,371,0.8385117493472585
2021-05-17,142419-38.csv,20,0.9,1.1,11490,1047,0.17043729806783225,375,0.09112271540469974
2021-05-17,142419-38.csv,20,0.9,1.1,11490,8314,0.811056109156462,369,0.723585726718886
2021-05-17,142419-38.csv,20,0.9,1.1,11490,7500.5,0.7383199350342685,374,0.6527850304612707
2021-05-17,142419-38.csv,20,0.9,1.1,11490,9201.5,0.9112680022900391,379,0.8008268059181898
2021-05-17,142419-38.csv,20,0.9,1.1,11490,1803,0.23243519283064162,365,0.1569190600522193
2021-05-17,142419-38.csv,20,0.9,1.1,11490,2361.5,0.28351709695000515,370,0.20552654482158397
2021-05-17,142419-38.csv,20,0.9,1.1,11490,7169.5,0.7185967294225791,372,0.6239773716275022
2021-05-17,142419-38.csv,20,0.9,1.1,11490,6240,0.6274665284012495,366,0.5430809399477807
2021-05-17,142419-38.csv,20,0.9,1.1,11490,4826.5,0.512347361548818,373,0.4200609225413403
2021-05-17,142419-38.csv,20,0.9,1.1,11490,5178,0.5309029384067514,378,0.4506527415143603
2021-05-17,142419-38.csv,20,0.9,1.1,11490,10195.5,0.9651276645743815,367,0.8873368146214099
2021-05-17,142419-38.csv,20,0.9,1.1,11490,3123.5,0.36293016230783226,377,0.2718450826805918
2021-05-17,142419-38.csv,20,0.9,1.1,11490,6842.5,0.6926053435917835,364,0.5955178416013925
2021-05-17,142419-38.csv,20,0.9,1.1,11490,900.5,0.15892800636294646,368,0.07837249782419495
2021-05-17,142419-38.csv,20,0.9,1.1,11490,4700.5,0.48598914345972133,376,0.409094865100087
2021-05-17,142419-39.csv,20,0.9,1.1,11490,2464.5,0.2867634414966086,386,0.21449086161879896
2021-05-17,142419-39.csv,20,0.9,1.1,11490,282.5,0.10480668351617217,399,0.024586597040905135
2021-05-17,142419-39.csv,20,0.9,1.1,11490,4849,0.5166901750618569,388,0.42201914708442123
2021-05-17,142419-39.csv,20,0.9,1.1,11490,9958.5,0.9577105438454707,384,0.866710182767624
2021-05-17,142419-39.csv,20,0.9,1.1,11490,5788,0.5881817411850913,397,0.5037423846823325
2021-05-17,142419-39.csv,20,0.9,1.1,11490,2672.5,0.3050828536782868,387,0.2325935596170583
2021-05-17,142419-39.csv,20,0.9,1.1,11490,8500.5,0.8208613558153608,392,0.7398172323759791
2021-05-17,142419-39.csv,20,0.9,1.1,11490,6089,0.6223427910330294,385,0.5299390774586598
2021-05-17,142419-39.csv,20,0.9,1.1,11490,725.5,0.1439454969045093,400,0.06314186248912097
2021-05-17,142419-39.csv,20,0.9,1.1,11490,8115.5,0.7790182138657825,390,0.7063098346388164
2021-05-17,142419-39.csv,20,0.9,1.1,11490,6765.5,0.6724812676543104,381,0.5888163620539599
2021-05-17,142419-39.csv,20,0.9,1.1,11490,4670,0.47654222913460986,389,0.40644038294168844
2021-05-17,142419-39.csv,20,0.9,1.1,11490,7079,0.7054563295865328,395,0.6161009573542211
2021-05-17,142419-39.csv,20,0.9,1.1,11490,6913,0.6686451758516706,393,0.6016536118363794
2021-05-17,142419-39.csv,20,0.9,1.1,11490,8991.5,0.8848838560660843,398,0.7825500435161009
2021-05-17,142419-39.csv,20,0.9,1.1,11490,9092,0.8759383297891791,383,0.7912967798085292
2021-05-17,142419-39.csv,20,0.9,1.1,11490,7912.5,0.7661481156057866,396,0.6886422976501305
2021-05-17,142419-39.csv,20,0.9,1.1,11490,2,0.038581544152615055,394,1.7406440382941688e-4
2021-05-17,142419-39.csv,20,0.9,1.1,11490,5311.5,0.5529951548822593,382,0.4622715404699739
2021-05-17,142419-39.csv,20,0.9,1.1,11490,6568.5,0.6446680469243355,391,0.5716710182767624
2021-05-17,142419-40.csv,20,0.9,1.1,11490,6374.5,0.6376584880190682,411,0.5547867711053089
2021-05-17,142419-40.csv,20,0.9,1.1,11490,4646.5,0.4764263211270384,415,0.40439512619669277
2021-05-17,142419-40.csv,20,0.9,1.1,11490,3676,0.40776648869937626,414,0.3199303742384682
2021-05-17,142419-40.csv,20,0.9,1.1,11490,8065.5,0.8068475420397804,401,0.701958224543081
2021-05-17,142419-40.csv,20,0.9,1.1,11490,4154.5,0.4423668816585762,405,0.36157528285465623
2021-05-17,142419-40.csv,20,0.9,1.1,11490,1389.5,0.20411269185198422,419,0.12093124456048739
2021-05-17,142419-40.csv,20,0.9,1.1,11490,7757.5,0.7547961041416648,404,0.6751523063533508
2021-05-17,142419-40.csv,20,0.9,1.1,11490,614,0.13114295993430547,417,0.05343777197563098
2021-05-17,142419-40.csv,20,0.9,1.1,11490,2912.5,0.34037197026016486,409,0.2534812880765883
2021-05-17,142419-40.csv,20,0.9,1.1,11490,6205,0.6381439907595617,418,0.5400348128807659
2021-05-17,142419-40.csv,20,0.9,1.1,11490,925.5,0.1619884709058772,408,0.08054830287206266
2021-05-17,142419-40.csv,20,0.9,1.1,11490,2,0.04617882911573812,407,1.7406440382941688e-4
2021-05-17,142419-40.csv,20,0.9,1.1,11490,9540.5,0.9357284242322861,412,0.8303307223672759
2021-05-17,142419-40.csv,20,0.9,1.1,11490,4249,0.4468141248337243,406,0.3697998259355962
2021-05-17,142419-40.csv,20,0.9,1.1,11490,6433.5,0.660241737550644,410,0.5599216710182767
2021-05-17,142419-40.csv,20,0.9,1.1,11490,8620.5,0.8635760503880421,416,0.7502610966057441
2021-05-17,142419-40.csv,20,0.9,1.1,11490,4751,0.5012981741549064,402,0.4134899912967798
2021-05-17,142419-40.csv,20,0.9,1.1,11490,5356,0.5301438371050422,403,0.4661444734551784
2021-05-17,142419-40.csv,20,0.9,1.1,11490,1272.5,0.19741990560762646,413,0.11074847693646649
2021-05-17,142419-40.csv,20,0.9,1.1,11490,2349,0.29849911525379136,420,0.20443864229765013
2021-05-17,142420-33.csv,20,0.9,1.1,11490,7782,0.7533959865674134,424,0.6772845953002611
2021-05-17,142420-33.csv,20,0.9,1.1,11490,2303.5,0.2799066172456308,436,0.20047867711053088
2021-05-17,142420-33.csv,20,0.9,1.1,11490,9205.5,0.8991386509509446,421,0.8011749347258486
2021-05-17,142420-33.csv,20,0.9,1.1,11490,4425.5,0.4655438900048062,425,0.3851610095735422
2021-05-17,142420-33.csv,20,0.9,1.1,11490,6627,0.6483440539558605,422,0.5767624020887728
2021-05-17,142420-33.csv,20,0.9,1.1,11490,9471.5,0.8993961017565065,434,0.8243255004351611
2021-05-17,142420-33.csv,20,0.9,1.1,11490,2856,0.31751446748764467,433,0.2485639686684073
2021-05-17,142420-33.csv,20,0.9,1.1,11490,10466,0.984315991979707,428,0.9108790252393385
2021-05-17,142420-33.csv,20,0.9,1.1,11490,4369,0.4567736553787235,435,0.3802436901653612
2021-05-17,142420-33.csv,20,0.9,1.1,11490,7217.5,0.7176788500867459,423,0.6281549173194082
2021-05-17,142420-33.csv,20,0.9,1.1,11490,9558,0.896814826571625,426,0.8318537859007833
2021-05-17,142420-33.csv,20,0.9,1.1,11490,7247.5,0.7350945306919935,429,0.6307658833768495
2021-05-17,142420-33.csv,20,0.9,1.1,11490,5155,0.5293826856090983,432,0.448651000870322
2021-05-17,142420-33.csv,20,0.9,1.1,11490,75.5,0.07548378463060501,440,0.006570931244560488
2021-05-17,142420-33.csv,20,0.9,1.1,11490,5306.5,0.5498091445708784,437,0.46183637946040035
2021-05-17,142420-33.csv,20,0.9,1.1,11490,9456.5,0.8892512012324563,439,0.8230200174064404
2021-05-17,142420-33.csv,20,0.9,1.1,11490,5612.5,0.5482880472222303,427,0.4884682332463011
2021-05-17,142420-33.csv,20,0.9,1.1,11490,8923.5,0.8470578383890067,430,0.7766318537859008
2021-05-17,142420-33.csv,20,0.9,1.1,11490,1925.5,0.24360929783946994,438,0.1675805047867711
2021-05-17,142420-33.csv,20,0.9,1.1,11490,3460.5,0.366939811951586,431,0.30117493472584855
2021-05-17,142420-34.csv,20,0.9,1.1,11490,503,0.12638043099322827,458,0.04377719756309835
2021-05-17,142420-34.csv,20,0.9,1.1,11490,1746.5,0.24294521012690562,451,0.1520017406440383
2021-05-17,142420-34.csv,20,0.9,1.1,11490,1113,0.180283822578157,459,0.09686684073107049
2021-05-17,142420-34.csv,20,0.9,1.1,11490,9937,0.9654931788153509,447,0.8648389904264578
2021-05-17,142420-34.csv,20,0.9,1.1,11490,274.5,0.10171010515911738,453,0.023890339425587468
2021-05-17,142420-34.csv,20,0.9,1.1,11490,3513.5,0.3863161766712586,452,0.3057876414273281
2021-05-17,142420-34.csv,20,0.9,1.1,11490,3344.5,0.37329250707395123,450,0.2910791993037424
2021-05-17,142420-34.csv,20,0.9,1.1,11490,7370.5,0.7275226673199388,446,0.6414708442123586
2021-05-17,142420-34.csv,20,0.9,1.1,11490,30.5,0.06858620735857879,443,0.0026544821583986073
2021-05-17,142420-34.csv,20,0.9,1.1,11490,8839.5,0.8845905040704294,448,0.7693211488250653
2021-05-17,142420-34.csv,20,0.9,1.1,11490,9686,0.8920906339026082,457,0.842993907745866
2021-05-17,142420-34.csv,20,0.9,1.1,11490,9294.5,0.9050204713114377,460,0.8089208006962576
2021-05-17,142420-34.csv,20,0.9,1.1,11490,4872.5,0.49873958650466643,444,0.4240644038294169
2021-05-17,142420-34.csv,20,0.9,1.1,11490,1499.5,0.21223869387992644,454,0.1305047867711053
2021-05-17,142420-34.csv,20,0.9,1.1,11490,3730,0.42057013860702275,455,0.32463011314186246
2021-05-17,142420-34.csv,20,0.9,1.1,11490,25,0.06255566737884077,456,0.002175805047867711
2021-05-17,142420-34.csv,20,0.9,1.1,11490,3803,0.4088546602865205,441,0.3309834638816362
2021-05-17,142420-34.csv,20,0.9,1.1,11490,102,0.08156847058771555,449,0.008877284595300261
2021-05-17,142420-34.csv,20,0.9,1.1,11490,3276,0.37325508143833297,442,0.28511749347258486
2021-05-17,142420-34.csv,20,0.9,1.1,11490,10166,0.9495298752281905,445,0.8847693646649261
2021-05-17,142420-35.csv,20,0.9,1.1,11490,4772.5,0.48625540042861093,469,0.41536118363794605
2021-05-17,142420-35.csv,20,0.9,1.1,11490,1702,0.22466033339818037,474,0.14812880765883377
2021-05-17,142420-35.csv,20,0.9,1.1,11490,10358,0.9791976772969159,471,0.9014795474325501
2021-05-17,142420-35.csv,20,0.9,1.1,11490,5482,0.5573066736332765,473,0.4771105308964317
2021-05-17,142420-35.csv,20,0.9,1.1,11490,7970,0.7623181870826357,472,0.6936466492602262
2021-05-17,142420-35.csv,20,0.9,1.1,11490,2848,0.3279401474668868,461,0.24786771105308963
2021-05-17,142420-35.csv,20,0.9,1.1,11490,9363.5,0.9225558050631675,479,0.8149260226283725
2021-05-17,142420-35.csv,20,0.9,1.1,11490,9363,0.8731564286384836,467,0.8148825065274151
2021-05-17,142420-35.csv,20,0.9,1.1,11490,2937.5,0.33875117258562903,465,0.25565709312445606
2021-05-17,142420-35.csv,20,0.9,1.1,11490,6837.5,0.6743269112361635,478,0.595082680591819
2021-05-17,142420-35.csv,20,0.9,1.1,11490,3235,0.3552184031900687,470,0.2815491731940818
2021-05-17,142420-35.csv,20,0.9,1.1,11490,9587,0.8969598983417825,480,0.8343777197563098
2021-05-17,142420-35.csv,20,0.9,1.1,11490,0,0.034848683409210435,476,0
2021-05-17,142420-35.csv,20,0.9,1.1,11490,1594,0.2202577962530824,463,0.13872932985204525
2021-05-17,142420-35.csv,20,0.9,1.1,11490,7515,0.7151940541174907,475,0.6540469973890339
2021-05-17,142420-35.csv,20,0.9,1.1,11490,6114,0.6285088613363968,468,0.5321148825065274
2021-05-17,142420-35.csv,20,0.9,1.1,11490,9799,0.9194962010861473,466,0.8528285465622281
2021-05-17,142420-35.csv,20,0.9,1.1,11490,5314.5,0.5498165123792284,477,0.462532637075718
2021-05-17,142420-35.csv,20,0.9,1.1,11490,4092.5,0.44562301998072074,464,0.3561792863359443
2021-05-17,142420-35.csv,20,0.9,1.1,11490,4746,0.48706981651169046,462,0.41305483028720624
2021-05-17,142420-36.csv,20,0.9,1.1,11490,5101,0.5232680086554168,498,0.44395126196692775
2021-05-17,142420-36.csv,20,0.9,1.1,11490,1659.5,0.2341274350009429,484,0.14442993907745866
2021-05-17,142420-36.csv,20,0.9,1.1,11490,10232,0.9955907062092363,487,0.8905134899912968
2021-05-17,142420-36.csv,20,0.9,1.1,11490,4936,0.5268667422486955,482,0.4295909486510009
2021-05-17,142420-36.csv,20,0.9,1.1,11490,1270.5,0.18614606003435108,493,0.11057441253263707
2021-05-17,142420-36.csv,20,0.9,1.1,11490,2663,0.30720729756223,481,0.2317667536988686
2021-05-17,142420-36.csv,20,0.9,1.1,11490,3,0.03699153838474256,486,2.610966057441253e-4
2021-05-17,142420-36.csv,20,0.9,1.1,11490,6692.5,0.6543207132455091,490,0.5824630113141862
2021-05-17,142420-36.csv,20,0.9,1.1,11490,5584,0.5768337636892052,494,0.4859878154917319
2021-05-17,142420-36.csv,20,0.9,1.1,11490,7497.5,0.7203998318105873,500,0.6525239338555265
2021-05-17,142420-36.csv,20,0.9,1.1,11490,3646,0.4140237394042998,492,0.317319408181027
2021-05-17,142420-36.csv,20,0.9,1.1,11490,6556,0.6473364078165422,483,0.5705831157528285
2021-05-17,142420-36.csv,20,0.9,1.1,11490,3236,0.3702059909810079,497,0.28163620539599654
2021-05-17,142420-36.csv,20,0.9,1.1,11490,8569.5,0.8308215249822652,488,0.745822454308094
2021-05-17,142420-36.csv,20,0.9,1.1,11490,259,0.09916297787738082,499,0.022541340295909488
2021-05-17,142420-36.csv,20,0.9,1.1,11490,7279.5,0.7118948230749862,495,0.6335509138381201
2021-05-17,142420-36.csv,20,0.9,1.1,11490,8426,0.8189442978472748,485,0.7333333333333333
2021-05-17,142420-36.csv,20,0.9,1.1,11490,785.5,0.14743806446210284,489,0.06836379460400348
2021-05-17,142420-36.csv,20,0.9,1.1,11490,3302.5,0.36980106749832975,491,0.2874238468233246
2021-05-17,142420-36.csv,20,0.9,1.1,11490,674,0.13798880616717657,496,0.05865970409051349
2021-05-17,142420-41.csv,25,0.9,1.1,11490,2739.5,0.38340664797320345,519,0.23842471714534377
2021-05-17,142420-41.csv,25,0.9,1.1,11490,1957.5,0.31550136969377696,525,0.17036553524804177
2021-05-17,142420-41.csv,25,0.9,1.1,11490,3223.5,0.4305389297260852,514,0.28054830287206267
2021-05-17,142420-41.csv,25,0.9,1.1,11490,4233.5,0.5138802522375973,524,0.3684508268059182
2021-05-17,142420-41.csv,25,0.9,1.1,11490,9314,0.9792688308224826,507,0.8106179286335944
2021-05-17,142420-41.csv,25,0.9,1.1,11490,2917.5,0.40331815433094076,521,0.2539164490861619
2021-05-17,142420-41.csv,25,0.9,1.1,11490,3489,0.440212205785553,509,0.30365535248041775
2021-05-17,142420-41.csv,25,0.9,1.1,11490,2909.5,0.3984561938735456,523,0.25322019147084424
2021-05-17,142420-41.csv,25,0.9,1.1,11490,7979,0.8629243851735225,501,0.6944299390774586
2021-05-17,142420-41.csv,25,0.9,1.1,11490,2592.5,0.36625796071372274,505,0.22563098346388163
2021-05-17,142420-41.csv,25,0.9,1.1,11490,7976,0.8613920643910422,517,0.6941688424717145
2021-05-17,142420-41.csv,25,0.9,1.1,11490,2134.5,0.3379529812902653,522,0.18577023498694517
2021-05-17,142420-41.csv,25,0.9,1.1,11490,3804.5,0.4791108607780479,510,0.33111401218450826
2021-05-17,142420-41.csv,25,0.9,1.1,11490,1342.5,0.25520905482395506,511,0.11684073107049608
2021-05-17,142420-41.csv,25,0.9,1.1,11490,414,0.17503167738847558,516,0.03603133159268929
2021-05-17,142420-41.csv,25,0.9,1.1,11490,3369,0.44037860738829393,502,0.29321148825065274
2021-05-17,142420-41.csv,25,0.9,1.1,11490,4274.5,0.5263224647212833,508,0.37201914708442124
2021-05-17,142420-41.csv,25,0.9,1.1,11490,6254.5,0.6886560967766949,513,0.544342906875544
2021-05-17,142420-41.csv,25,0.9,1.1,11490,2413,0.353761427479236,518,0.21000870322019147
2021-05-17,142420-41.csv,25,0.9,1.1,11490,40.5,0.12053410055271163,506,0.003524804177545692
2021-05-17,142420-41.csv,25,0.9,1.1,11490,48,0.12081543647869142,512,0.004177545691906005
2021-05-17,142420-41.csv,25,0.9,1.1,11490,674,0.20182451717633698,515,0.05865970409051349
2021-05-17,142420-41.csv,25,0.9,1.1,11490,6346.5,0.7117656718251301,520,0.5523498694516972
2021-05-17,142420-41.csv,25,0.9,1.1,11490,7365,0.7858303924241828,504,0.6409921671018277
2021-05-17,142420-41.csv,25,0.9,1.1,11490,1997.5,0.3083107562995515,503,0.1738468233246301
2021-05-17,142420-42.csv,25,0.9,1.1,11490,1728,0.2965481546082873,548,0.1503916449086162
2021-05-17,142420-42.csv,25,0.9,1.1,11490,6897,0.7581414153850063,535,0.6002610966057441
2021-05-17,142420-42.csv,25,0.9,1.1,11490,5635,0.6519801882259785,544,0.4904264577893821
2021-05-17,142420-42.csv,25,0.9,1.1,11490,1070.5,0.23776220792027236,546,0.09316797214969538
2021-05-17,142420-42.csv,25,0.9,1.1,11490,3710,0.46598054964251034,539,0.3228894691035683
2021-05-17,142420-42.csv,25,0.9,1.1,11490,3810.5,0.4682536410978976,527,0.33163620539599653
2021-05-17,142420-42.csv,25,0.9,1.1,11490,4,0.08571751863892008,530,3.4812880765883376e-4
2021-05-17,142420-42.csv,25,0.9,1.1,11490,767,0.20915077726822862,529,0.06675369886858137
2021-05-17,142420-42.csv,25,0.9,1.1,11490,6244.5,0.707239829060014,540,0.5434725848563968
2021-05-17,142420-42.csv,25,0.9,1.1,11490,5153.5,0.6012985521315464,532,0.44852045256744993
2021-05-17,142420-42.csv,25,0.9,1.1,11490,960.5,0.22999581917458511,542,0.08359442993907745
2021-05-17,142420-42.csv,25,0.9,1.1,11490,7152.5,0.7661386795302512,526,0.6224978241949521
2021-05-17,142420-42.csv,25,0.9,1.1,11490,5.5,0.08612663356087547,541,4.7867711053089645e-4
2021-05-17,142420-42.csv,25,0.9,1.1,11490,3354,0.4423433247906161,543,0.2919060052219321
2021-05-17,142420-42.csv,25,0.9,1.1,11490,9422,0.9613177757829559,531,0.8200174064403829
2021-05-17,142420-42.csv,25,0.9,1.1,11490,0,0.005412918328004168,549,0
2021-05-17,142420-42.csv,25,0.9,1.1,11490,5124,0.6125588119332335,538,0.44595300261096604
2021-05-17,142420-42.csv,25,0.9,1.1,11490,2,0.08594811089744403,537,1.7406440382941688e-4
2021-05-17,142420-42.csv,25,0.9,1.1,11490,20,0.1065883757756736,534,0.0017406440382941688
2021-05-17,142420-42.csv,25,0.9,1.1,11490,68.5,0.12025049968530743,536,0.0059617058311575285
2021-05-17,142420-42.csv,25,0.9,1.1,11490,8440.5,0.8834086851571412,533,0.7345953002610967
2021-05-17,142420-42.csv,25,0.9,1.1,11490,5440.5,0.6075506249162921,547,0.4734986945169713
2021-05-17,142420-42.csv,25,0.9,1.1,11490,9322.5,0.9530091794690375,528,0.8113577023498695
2021-05-17,142420-42.csv,25,0.9,1.1,11490,4833,0.5674267459960967,550,0.4206266318537859
2021-05-17,142420-42.csv,25,0.9,1.1,11490,5140,0.5951627551936003,545,0.44734551784160137
2021-05-17,142421-43.csv,25,0.9,1.1,11490,60.5,0.1213186383861734,575,0.005265448215839861
2021-05-17,142421-43.csv,25,0.9,1.1,11490,4487,0.5311643638961073,563,0.39051348999129676
2021-05-17,142421-43.csv,25,0.9,1.1,11490,4356.5,0.5373671318453267,566,0.3791557876414273
2021-05-17,142421-43.csv,25,0.9,1.1,11490,3288.5,0.44638800760549,559,0.28620539599651873
2021-05-17,142421-43.csv,25,0.9,1.1,11490,0,0.048422165258537375,557,0
2021-05-17,142421-43.csv,25,0.9,1.1,11490,627.5,0.19123677544871398,561,0.054612706701479545
2021-05-17,142421-43.csv,25,0.9,1.1,11490,7730,0.8192611453357476,564,0.6727589208006962
2021-05-17,142421-43.csv,25,0.9,1.1,11490,5634,0.6621622967883993,567,0.49033942558746735
2021-05-17,142421-43.csv,25,0.9,1.1,11490,8882,0.9185464479272248,555,0.7730200174064403
2021-05-17,142421-43.csv,25,0.9,1.1,11490,5772.5,0.6464850747887088,571,0.5023933855526544
2021-05-17,142421-43.csv,25,0.9,1.1,11490,1365.5,0.262973071106796,551,0.11884247171453438
2021-05-17,142421-43.csv,25,0.9,1.1,11490,326,0.16754078960799024,558,0.028372497824194952
2021-05-17,142421-43.csv,25,0.9,1.1,11490,8851.5,0.903208716294713,570,0.7703655352480417
2021-05-17,142421-43.csv,25,0.9,1.1,11490,7640.5,0.8324534540403304,574,0.6649695387293298
2021-05-17,142421-43.csv,25,0.9,1.1,11490,1312.5,0.2585645046619569,560,0.11422976501305483
2021-05-17,142421-43.csv,25,0.9,1.1,11490,3906.5,0.5012996926045608,562,0.33999129677980855
2021-05-17,142421-43.csv,25,0.9,1.1,11490,0,0.034512013877767145,552,0
2021-05-17,142421-43.csv,25,0.9,1.1,11490,1195.5,0.2473401662311101,569,0.10404699738903395
2021-05-17,142421-43.csv,25,0.9,1.1,11490,635.5,0.19753389831445034,565,0.055308964316797216
2021-05-17,142421-43.csv,25,0.9,1.1,11490,1719,0.2891260426538811,568,0.14960835509138382
2021-05-17,142421-43.csv,25,0.9,1.1,11490,7825.5,0.8527346720959464,572,0.681070496083551
2021-05-17,142421-43.csv,25,0.9,1.1,11490,5131,0.6014612396737444,553,0.446562228024369
2021-05-17,142421-43.csv,25,0.9,1.1,11490,3587,0.45002346534744997,554,0.31218450826805916
2021-05-17,142421-43.csv,25,0.9,1.1,11490,9048.5,0.9504681258953384,573,0.7875108790252393
2021-05-17,142421-43.csv,25,0.9,1.1,11490,2580,0.3718602243627436,556,0.2245430809399478
2021-05-17,142421-44.csv,25,0.9,1.1,11490,6458,0.7329428895686202,599,0.5620539599651871
2021-05-17,142421-44.csv,25,0.9,1.1,11490,4484.5,0.5299292195468776,582,0.39029590948651
2021-05-17,142421-44.csv,25,0.9,1.1,11490,4540.5,0.5502890245151671,589,0.3951697127937337
2021-05-17,142421-44.csv,25,0.9,1.1,11490,2721.5,0.3824250284531092,596,0.23685813751087903
2021-05-17,142421-44.csv,25,0.9,1.1,11490,6568.5,0.7177992960937466,591,0.5716710182767624
2021-05-17,142421-44.csv,25,0.9,1.1,11490,5187,0.5899343871175468,581,0.4514360313315927
2021-05-17,142421-44.csv,25,0.9,1.1,11490,647.5,0.19758833786913155,578,0.05635335073977372
2021-05-17,142421-44.csv,25,0.9,1.1,11490,722.5,0.19692398929970278,583,0.06288076588337685
2021-05-17,142421-44.csv,25,0.9,1.1,11490,8809.5,0.9261075856290066,576,0.766710182767624
2021-05-17,142421-44.csv,25,0.9,1.1,11490,3905,0.4949436956617289,584,0.3398607484769365
2021-05-17,142421-44.csv,25,0.9,1.1,11490,5897.5,0.6435015289215605,600,0.513272410791993
2021-05-17,142421-44.csv,25,0.9,1.1,11490,8375.5,0.8821013677883791,588,0.7289382071366406
2021-05-17,142421-44.csv,25,0.9,1.1,11490,4563,0.5455117968500872,597,0.3971279373368146
2021-05-17,142421-44.csv,25,0.9,1.1,11490,9408.5,0.961655434802157,586,0.8188424717145344
2021-05-17,142421-44.csv,25,0.9,1.1,11490,458.5,0.18189890945814569,593,0.03990426457789382
2021-05-17,142421-44.csv,25,0.9,1.1,11490,5323,0.6048227556733519,592,0.46327241079199305
2021-05-17,142421-44.csv,25,0.9,1.1,11490,3956,0.4863462179594885,594,0.3442993907745866
2021-05-17,142421-44.csv,25,0.9,1.1,11490,3394.5,0.42338764224676384,595,0.2954308093994778
2021-05-17,142421-44.csv,25,0.9,1.1,11490,1206.5,0.2482602968185772,598,0.10500435161009573
2021-05-17,142421-44.csv,25,0.9,1.1,11490,9223.5,0.9478901993452044,587,0.8027415143603133
2021-05-17,142421-44.csv,25,0.9,1.1,11490,5325,0.6113889766254245,577,0.46344647519582244
2021-05-17,142421-44.csv,25,0.9,1.1,11490,887,0.21834003720131134,579,0.07719756309834638
2021-05-17,142421-44.csv,25,0.9,1.1,11490,31,0.10873167586849908,580,0.0026979982593559617
2021-05-17,142421-44.csv,25,0.9,1.1,11490,6281,0.6922873090940893,590,0.5466492602262837
2021-05-17,142421-44.csv,25,0.9,1.1,11490,8470,0.8761386754813633,585,0.7371627502175805
2021-05-17,142421-45.csv,25,0.9,1.1,11490,6543,0.7132297148867291,616,0.5694516971279373
2021-05-17,142421-45.csv,25,0.9,1.1,11490,8439,0.8759187707194586,618,0.7344647519582246
2021-05-17,142421-45.csv,25,0.9,1.1,11490,9274.5,0.960343758153528,625,0.8071801566579635
2021-05-17,142421-45.csv,25,0.9,1.1,11490,8084.5,0.8547634711144023,606,0.7036118363794605
2021-05-17,142421-45.csv,25,0.9,1.1,11490,7297,0.7591882917102489,620,0.6350739773716275
2021-05-17,142421-45.csv,25,0.9,1.1,11490,9258,0.9386015932411287,607,0.8057441253263707
2021-05-17,142421-45.csv,25,0.9,1.1,11490,12,0.10047547941859403,615,0.0010443864229765013
2021-05-17,142421-45.csv,25,0.9,1.1,11490,8792.5,0.8999737215280575,621,0.765230635335074
2021-05-17,142421-45.csv,25,0.9,1.1,11490,0,0.06461599376302574,611,0
2021-05-17,142421-45.csv,25,0.9,1.1,11490,1517,0.2638642914731636,623,0.1320278503046127
2021-05-17,142421-45.csv,25,0.9,1.1,11490,9162,0.9306484819451089,614,0.7973890339425588
2021-05-17,142421-45.csv,25,0.9,1.1,11490,8118.5,0.8654584129111768,610,0.7065709312445605
2021-05-17,142421-45.csv,25,0.9,1.1,11490,1629,0.2848801293746922,601,0.14177545691906004
2021-05-17,142421-45.csv,25,0.9,1.1,11490,5128,0.5812816398652741,622,0.4463011314186249
2021-05-17,142421-45.csv,25,0.9,1.1,11490,5971.5,0.6619015133421066,602,0.5197127937336815
2021-05-17,142421-45.csv,25,0.9,1.1,11490,0,0.032762573394993,604,0
2021-05-17,142421-45.csv,25,0.9,1.1,11490,9512.5,0.9928028422584743,612,0.827893820713664
2021-05-17,142421-45.csv,25,0.9,1.1,11490,7000.5,0.7406664169465539,624,0.6092689295039164
2021-05-17,142421-45.csv,25,0.9,1.1,11490,2811,0.38943014103596363,613,0.24464751958224543
2021-05-17,142421-45.csv,25,0.9,1.1,11490,1552,0.2716982091911361,608,0.1350739773716275
2021-05-17,142421-45.csv,25,0.9,1.1,11490,5503,0.6273619457647305,617,0.47893820713664054
2021-05-17,142421-45.csv,25,0.9,1.1,11490,249,0.1548556005565097,603,0.0216710182767624
2021-05-17,142421-45.csv,25,0.9,1.1,11490,5134.5,0.5982895725523077,609,0.44686684073107047
2021-05-17,142421-45.csv,25,0.9,1.1,11490,1200.5,0.24513805444372716,605,0.10448215839860749
2021-05-17,142421-45.csv,25,0.9,1.1,11490,31.5,0.10980996162614454,619,0.002741514360313316
2021-05-17,142421-46.csv,25,0.9,1.1,11490,669.5,0.20458454462641162,637,0.0582680591818973
2021-05-17,142421-46.csv,25,0.9,1.1,11490,4328.5,0.5290802378476537,649,0.3767188859878155
2021-05-17,142421-46.csv,25,0.9,1.1,11490,2168,0.3300322531062989,633,0.1886858137510879
2021-05-17,142421-46.csv,25,0.9,1.1,11490,2634.5,0.37314703763992163,647,0.2292863359442994
2021-05-17,142421-46.csv,25,0.9,1.1,11490,12,0.09222301815247502,648,0.0010443864229765013
2021-05-17,142421-46.csv,25,0.9,1.1,11490,1354,0.26177022784918913,632,0.11784160139251523
2021-05-17,142421-46.csv,25,0.9,1.1,11490,6023,0.689324220552412,626,0.524194952132289
2021-05-17,142421-46.csv,25,0.9,1.1,11490,65,0.124094780769193,650,0.005657093124456049
2021-05-17,142421-46.csv,25,0.9,1.1,11490,3635.5,0.46481929156630797,634,0.3164055700609225
2021-05-17,142421-46.csv,25,0.9,1.1,11490,2450.5,0.35882701339663936,642,0.21327241079199305
2021-05-17,142421-46.csv,25,0.9,1.1,11490,295.5,0.16253511557425326,635,0.025718015665796345
2021-05-17,142421-46.csv,25,0.9,1.1,11490,1221.5,0.24368662722817436,645,0.10630983463881637
2021-05-17,142421-46.csv,25,0.9,1.1,11490,11.5,0.09933527373760842,644,0.001000870322019147
2021-05-17,142421-46.csv,25,0.9,1.1,11490,8647,0.9161240701785057,629,0.752567449956484
2021-05-17,142421-46.csv,25,0.9,1.1,11490,7288,0.7880672598226083,628,0.6342906875543951
2021-05-17,142421-46.csv,25,0.9,1.1,11490,0,0.008995385091874808,631,0
2021-05-17,142421-46.csv,25,0.9,1.1,11490,6096.5,0.6696216615715467,646,0.53059181897302
2021-05-17,142421-46.csv,25,0.9,1.1,11490,5687,0.6569229521677686,627,0.4949521322889469
2021-05-17,142421-46.csv,25,0.9,1.1,11490,3589.5,0.4667680441741554,636,0.312402088772846
2021-05-17,142421-46.csv,25,0.9,1.1,11490,4638,0.5475607537925745,640,0.40365535248041773
2021-05-17,142421-46.csv,25,0.9,1.1,11490,1536.5,0.28503743631680156,630,0.1337249782419495
2021-05-17,142421-46.csv,25,0.9,1.1,11490,6239.5,0.7103570943803429,643,0.5430374238468233
2021-05-17,142421-46.csv,25,0.9,1.1,11490,3049.5,0.42321215062415374,639,0.2654046997389034
2021-05-17,142421-46.csv,25,0.9,1.1,11490,6741,0.7405628963752515,641,0.5866840731070496
2021-05-17,142421-46.csv,25,0.9,1.1,11490,9193,0.9646972615262845,638,0.8000870322019147
2021-05-17,142421-47.csv,25,0.9,1.1,11490,2908.5,0.3953265396870662,671,0.2531331592689295
2021-05-17,142421-47.csv,25,0.9,1.1,11490,5114,0.5830381016131344,663,0.445082680591819
2021-05-17,142421-47.csv,25,0.9,1.1,11490,3246.5,0.42187108274263674,664,0.28255004351610097
2021-05-17,142421-47.csv,25,0.9,1.1,11490,3606,0.46216928484842856,658,0.3138381201044386
2021-05-17,142421-47.csv,25,0.9,1.1,11490,8957,0.9068582333339279,666,0.7795474325500436
2021-05-17,142421-47.csv,25,0.9,1.1,11490,8464,0.8725666942264044,655,0.7366405570060922
2021-05-17,142421-47.csv,25,0.9,1.1,11490,3651.5,0.4618505235203654,654,0.3177980852915579
2021-05-17,142421-47.csv,25,0.9,1.1,11490,1424.5,0.26518610219674865,659,0.12397737162750218
2021-05-17,142421-47.csv,25,0.9,1.1,11490,3402,0.4515988304272661,669,0.29608355091383814
2021-05-17,142421-47.csv,25,0.9,1.1,11490,3299,0.4270846453071625,665,0.28711923411662316
2021-05-17,142421-47.csv,25,0.9,1.1,11490,3364,0.4436519166051066,652,0.2927763272410792
2021-05-17,142421-47.csv,25,0.9,1.1,11490,9697,0.9733114521614719,675,0.8439512619669277
2021-05-17,142421-47.csv,25,0.9,1.1,11490,4581,0.5209991936223387,670,0.3986945169712794
2021-05-17,142421-47.csv,25,0.9,1.1,11490,273,0.15811483568414153,660,0.023759791122715406
2021-05-17,142421-47.csv,25,0.9,1.1,11490,2996,0.4116175864705286,668,0.26074847693646647
2021-05-17,142421-47.csv,25,0.9,1.1,11490,6502,0.7278548692003876,672,0.5658833768494342
2021-05-17,142421-47.csv,25,0.9,1.1,11490,8180,0.8534733447242947,661,0.7119234116623151
2021-05-17,142421-47.csv,25,0.9,1.1,11490,2506.5,0.36169125828498505,656,0.21814621409921672
2021-05-17,142421-47.csv,25,0.9,1.1,11490,2721,0.38007729246602084,674,0.23681462140992168
2021-05-17,142421-47.csv,25,0.9,1.1,11490,7182.5,0.7783772566873391,662,0.6251087902523934
2021-05-17,142421-47.csv,25,0.9,1.1,11490,8815.5,0.8828582066799051,667,0.7672323759791123
2021-05-17,142421-47.csv,25,0.9,1.1,11490,9581.5,0.9727796478220704,653,0.833899042645779
2021-05-17,142421-47.csv,25,0.9,1.1,11490,2636.5,0.37029801736447254,673,0.2294604003481288
2021-05-17,142421-47.csv,25,0.9,1.1,11490,229,0.1565295169314177,657,0.019930374238468232
2021-05-17,142421-47.csv,25,0.9,1.1,11490,0,0.02508563038545364,651,0
2021-05-17,142421-48.csv,25,0.9,1.1,11490,2016,0.31454994556138527,688,0.17545691906005223
2021-05-17,142421-48.csv,25,0.9,1.1,11490,1098.5,0.2393305625038229,694,0.09560487380330722
2021-05-17,142421-48.csv,25,0.9,1.1,11490,3452.5,0.4536068364372855,680,0.3004786771105309
2021-05-17,142421-48.csv,25,0.9,1.1,11490,6398.5,0.6747010744020941,692,0.5568755439512619
2021-05-17,142421-48.csv,25,0.9,1.1,11490,3780.5,0.4728280678310359,691,0.32902523933855526
2021-05-17,142421-48.csv,25,0.9,1.1,11490,8273.5,0.8611986450537594,687,0.7200609225413402
2021-05-17,142421-48.csv,25,0.9,1.1,11490,0,0.03266048391465781,686,0
2021-05-17,142421-48.csv,25,0.9,1.1,11490,3247,0.43109045609050245,699,0.2825935596170583
2021-05-17,142421-48.csv,25,0.9,1.1,11490,3828.5,0.47613085102906483,678,0.33320278503046125
2021-05-17,142421-48.csv,25,0.9,1.1,11490,0,0.026590082249898117,679,0
2021-05-17,142421-48.csv,25,0.9,1.1,11490,0,0.061331126528896385,684,0
2021-05-17,142421-48.csv,25,0.9,1.1,11490,2065,0.3182870748156349,676,0.17972149695387293
2021-05-17,142421-48.csv,25,0.9,1.1,11490,9025.5,0.942760309263931,696,0.7855091383812011
2021-05-17,142421-48.csv,25,0.9,1.1,11490,6442.5,0.7091358665369024,683,0.5607049608355091
2021-05-17,142421-48.csv,25,0.9,1.1,11490,8425,0.8800330844638653,677,0.7332463011314186
2021-05-17,142421-48.csv,25,0.9,1.1,11490,2200.5,0.340421958046209,697,0.19151436031331592
2021-05-17,142421-48.csv,25,0.9,1.1,11490,1782.5,0.30470867322413997,700,0.1551348999129678
2021-05-17,142421-48.csv,25,0.9,1.1,11490,12,0.0994340126603015,690,0.0010443864229765013
2021-05-17,142421-48.csv,25,0.9,1.1,11490,1881.5,0.31445848895737505,695,0.16375108790252393
2021-05-17,142421-48.csv,25,0.9,1.1,11490,7010,0.7777372356119024,689,0.6100957354221062
2021-05-17,142421-48.csv,25,0.9,1.1,11490,0,0.006615693431590075,681,0
2021-05-17,142421-48.csv,25,0.9,1.1,11490,6127.5,0.6575153688965424,685,0.533289817232376
2021-05-17,142421-48.csv,25,0.9,1.1,11490,9063.5,0.9194683818710898,693,0.78881636205396
2021-05-17,142421-48.csv,25,0.9,1.1,11490,740,0.2102121567772941,682,0.06440382941688425
2021-05-17,142421-48.csv,25,0.9,1.1,11490,3305,0.4403852013340759,698,0.2876414273281114
2021-05-17,142421-49.csv,25,0.9,1.1,11490,8055,0.8339792265681542,704,0.7010443864229765
2021-05-17,142421-49.csv,25,0.9,1.1,11490,347,0.16573231442967085,719,0.03020017406440383
2021-05-17,142421-49.csv,25,0.9,1.1,11490,5520,0.6481827090867468,723,0.4804177545691906
2021-05-17,142421-49.csv,25,0.9,1.1,11490,9121.5,0.9214270663514216,711,0.793864229765013
2021-05-17,142421-49.csv,25,0.9,1.1,11490,5721,0.6417622934653715,707,0.497911227154047
2021-05-17,142421-49.csv,25,0.9,1.1,11490,3509,0.4612256880034923,705,0.3053959965187119
2021-05-17,142421-49.csv,25,0.9,1.1,11490,5355,0.6091857967506669,703,0.4660574412532637
2021-05-17,142421-49.csv,25,0.9,1.1,11490,4210,0.5157009370807263,722,0.36640557006092256
2021-05-17,142421-49.csv,25,0.9,1.1,11490,5490.5,0.6327344420995876,725,0.4778503046127067
2021-05-17,142421-49.csv,25,0.9,1.1,11490,5755.5,0.6456878835545338,710,0.5009138381201045
2021-05-17,142421-49.csv,25,0.9,1.1,11490,2436.5,0.3482246825913369,702,0.2120539599651871
2021-05-17,142421-49.csv,25,0.9,1.1,11490,6823,0.7262607325909595,724,0.5938207136640558
2021-05-17,142421-49.csv,25,0.9,1.1,11490,9437,0.95488197547539,701,0.8213228894691036
2021-05-17,142421-49.csv,25,0.9,1.1,11490,5340,0.6160927181517256,720,0.46475195822454307
2021-05-17,142421-49.csv,25,0.9,1.1,11490,4648.5,0.554441679494918,716,0.4045691906005222
2021-05-17,142421-49.csv,25,0.9,1.1,11490,3856,0.48582649582815396,715,0.33559617058311575
2021-05-17,142421-49.csv,25,0.9,1.1,11490,2477.5,0.3537344020970483,706,0.21562228024369018
2021-05-17,142421-49.csv,25,0.9,1.1,11490,1,0.044181180099727824,712,8.703220191470844e-5
2021-05-17,142421-49.csv,25,0.9,1.1,11490,3361.5,0.4472011947013542,708,0.29255874673629245
2021-05-17,142421-49.csv,25,0.9,1.1,11490,2168,0.33298721552980537,721,0.1886858137510879
2021-05-17,142421-49.csv,25,0.9,1.1,11490,8318,0.8769099544008696,713,0.7239338555265448
2021-05-17,142421-49.csv,25,0.9,1.1,11490,0,0.010495208546628776,718,0
2021-05-17,142421-49.csv,25,0.9,1.1,11490,9369,0.9478940223832649,717,0.8154046997389034
2021-05-17,142421-49.csv,25,0.9,1.1,11490,8003,0.848159614963728,714,0.6965187119234116
2021-05-17,142421-49.csv,25,0.9,1.1,11490,167,0.14342714355049224,709,0.01453437771975631
2021-05-17,142421-50.csv,25,0.9,1.1,11490,5105,0.5786536653800973,740,0.4442993907745866
2021-05-17,142421-50.csv,25,0.9,1.1,11490,7718.5,0.7951108240240083,730,0.6717580504786771
2021-05-17,142421-50.csv,25,0.9,1.1,11490,4515,0.5185874349157676,727,0.39295039164490864
2021-05-17,142421-50.csv,25,0.9,1.1,11490,4766.5,0.5432530019054479,738,0.4148389904264578
2021-05-17,142421-50.csv,25,0.9,1.1,11490,2386.5,0.3463348506918137,741,0.20770234986945169
2021-05-17,142421-50.csv,25,0.9,1.1,11490,9243.5,0.9568296354493746,735,0.8044821583986075
2021-05-17,142421-50.csv,25,0.9,1.1,11490,2310.5,0.33320484318466725,736,0.20108790252393385
2021-05-17,142421-50.csv,25,0.9,1.1,11490,269.5,0.15945399894144352,726,0.023455178416013925
2021-05-17,142421-50.csv,25,0.9,1.1,11490,2827,0.38910629839095023,746,0.24604003481288075
2021-05-17,142421-50.csv,25,0.9,1.1,11490,9782,0.9957139937890798,747,0.851348999129678
2021-05-17,142421-50.csv,25,0.9,1.1,11490,8390,0.8940932862152828,748,0.7302001740644039
2021-05-17,142421-50.csv,25,0.9,1.1,11490,7386.5,0.7989271152300813,742,0.6428633594429939
2021-05-17,142421-50.csv,25,0.9,1.1,11490,6955.5,0.7538169740127469,733,0.6053524804177546
2021-05-17,142421-50.csv,25,0.9,1.1,11490,6443.5,0.7133306016416325,737,0.5607919930374239
2021-05-17,142421-50.csv,25,0.9,1.1,11490,2210.5,0.33131097162524514,743,0.192384682332463
2021-05-17,142421-50.csv,25,0.9,1.1,11490,4903.5,0.5562166386283246,734,0.42676240208877286
2021-05-17,142421-50.csv,25,0.9,1.1,11490,1454,0.2645142572199318,732,0.12654482158398608
2021-05-17,142421-50.csv,25,0.9,1.1,11490,7858,0.8564382048492902,745,0.6838990426457789
2021-05-17,142421-50.csv,25,0.9,1.1,11490,386.5,0.17208684018618636,749,0.03363794604003481
2021-05-17,142421-50.csv,25,0.9,1.1,11490,7888.5,0.8271703719379307,739,0.6865535248041775
2021-05-17,142421-50.csv,25,0.9,1.1,11490,4052,0.49541402580142246,744,0.3526544821583986
2021-05-17,142421-50.csv,25,0.9,1.1,11490,3215,0.41890531456429014,729,0.27980852915578763
2021-05-17,142421-50.csv,25,0.9,1.1,11490,9595,0.97766769726527325,731,0.8350739773716275
2021-05-17,142421-50.csv,25,0.9,1.1,11490,5776.5,0.6537386157831804,728,0.5027415143603133
2021-05-17,142421-50.csv,25,0.9,1.1,11490,4240.5,0.5104149048508091,750,0.36906005221932114
2021-05-17,142422-51.csv,30,0.9,1.1,11490,7500.5,0.9210973575747642,779,0.6527850304612707
2021-05-17,142422-51.csv,30,0.9,1.1,11490,3231.5,0.5235611106417745,753,0.28124456048738034
2021-05-17,142422-51.csv,30,0.9,1.1,11490,4658,0.656421359936324,756,0.40539599651871194
2021-05-17,142422-51.csv,30,0.9,1.1,11490,5604,0.7446220741690801,751,0.48772845953002614
2021-05-17,142422-51.csv,30,0.9,1.1,11490,111,0.18263670626874307,765,0.009660574412532636
2021-05-17,142422-51.csv,30,0.9,1.1,11490,4168.5,0.6139000048434752,755,0.3627937336814621
2021-05-17,142422-51.csv,30,0.9,1.1,11490,0,0.019492324435839703,778,0
2021-05-17,142422-51.csv,30,0.9,1.1,11490,6332.5,0.8154967681857003,754,0.5511314186248912
2021-05-17,142422-51.csv,30,0.9,1.1,11490,5545.5,0.7307744640357441,773,0.4826370757180157
2021-05-17,142422-51.csv,30,0.9,1.1,11490,3953.5,0.5984405184115923,764,0.34408181026979984
2021-05-17,142422-51.csv,30,0.9,1.1,11490,0,0.042417061364171005,752,0
2021-05-17,142422-51.csv,30,0.9,1.1,11490,162.5,0.2041367450643965,760,0.014142732811140122
2021-05-17,142422-51.csv,30,0.9,1.1,11490,158.5,0.2036234506847978,777,0.013794604003481288
2021-05-17,142422-51.csv,30,0.9,1.1,11490,530,0.2800042931684378,776,0.04612706701479547
2021-05-17,142422-51.csv,30,0.9,1.1,11490,668,0.28684462225473417,766,0.05813751087902524
2021-05-17,142422-51.csv,30,0.9,1.1,11490,15,0.12676179756624673,763,0.0013054830287206266
2021-05-17,142422-51.csv,30,0.9,1.1,11490,7631.5,0.9242539720144275,759,0.6641862489120974
2021-05-17,142422-51.csv,30,0.9,1.1,11490,3417,0.5241675556884877,775,0.2973890339425587
2021-05-17,142422-51.csv,30,0.9,1.1,11490,7269.5,0.850956022640128,761,0.6326805918189731
2021-05-17,142422-51.csv,30,0.9,1.1,11490,7816.5,0.9532936299892344,768,0.6802872062663186
2021-05-17,142422-51.csv,30,0.9,1.1,11490,808.5,0.30675878700479453,774,0.07036553524804177
2021-05-17,142422-51.csv,30,0.9,1.1,11490,0,0.034872484430894746,772,0
2021-05-17,142422-51.csv,30,0.9,1.1,11490,7270.5,0.8974494120676444,769,0.6327676240208877
2021-05-17,142422-51.csv,30,0.9,1.1,11490,3687,0.5534434639989458,771,0.32088772845953
2021-05-17,142422-51.csv,30,0.9,1.1,11490,2977.5,0.5177338169125196,757,0.2591383812010444
2021-05-17,142422-51.csv,30,0.9,1.1,11490,7983,0.9486150682706453,762,0.6947780678851175
2021-05-17,142422-51.csv,30,0.9,1.1,11490,64,0.16966392263258523,767,0.00557006092254134
2021-05-17,142422-51.csv,30,0.9,1.1,11490,4,0.08691565060140727,758,3.4812880765883376e-4
2021-05-17,142422-51.csv,30,0.9,1.1,11490,6077.5,0.7811815956874384,770,0.5289382071366405
2021-05-17,142422-51.csv,30,0.9,1.1,11490,5351.5,0.7077422918934058,780,0.46575282854656225
2021-05-17,142422-52.csv,30,0.9,1.1,11490,7976,0.968724809867069,810,0.6941688424717145
2021-05-17,142422-52.csv,30,0.9,1.1,11490,37,0.1421947467712883,806,0.0032201914708442124
2021-05-17,142422-52.csv,30,0.9,1.1,11490,2871.5,0.498414879527857,800,0.24991296779808528
2021-05-17,142422-52.csv,30,0.9,1.1,11490,4718.5,0.6570329312385352,782,0.4106614447345518
2021-05-17,142422-52.csv,30,0.9,1.1,11490,7222.5,0.8953225912165995,793,0.6285900783289817
2021-05-17,142422-52.csv,30,0.9,1.1,11490,5153.5,0.7028872846094381,807,0.44852045256744993
2021-05-17,142422-52.csv,30,0.9,1.1,11490,3212,0.5287501796960332,808,0.2795474325500435
2021-05-17,142422-52.csv,30,0.9,1.1,11490,52,0.1500820813322925,785,0.004525674499564839
2021-05-17,142422-52.csv,30,0.9,1.1,11490,5627,0.7357312078902254,784,0.4897302001740644
2021-05-17,142422-52.csv,30,0.9,1.1,11490,0,0.003665835377236415,803,0
2021-05-17,142422-52.csv,30,0.9,1.1,11490,3269.5,0.5254251082127068,786,0.28455178416013927
2021-05-17,142422-52.csv,30,0.9,1.1,11490,137,0.19842019363910024,788,0.011923411662315057
2021-05-17,142422-52.csv,30,0.9,1.1,11490,3606,0.5652104232683255,792,0.3138381201044386
2021-05-17,142422-52.csv,30,0.9,1.1,11490,15.5,0.1163801722084501,801,0.0013489991296779808
2021-05-17,142422-52.csv,30,0.9,1.1,11490,6606.5,0.8251536867143382,799,0.5749782419495213
2021-05-17,142422-52.csv,30,0.9,1.1,11490,6888,0.8408425290120816,794,0.5994778067885117
2021-05-17,142422-52.csv,30,0.9,1.1,11490,415,0.25454243669867793,802,0.036118363794604
2021-05-17,142422-52.csv,30,0.9,1.1,11490,1408.5,0.3594571612491666,791,0.12258485639686684
2021-05-17,142422-52.csv,30,0.9,1.1,11490,1047.5,0.3286048589362047,796,0.0911662315056571
2021-05-17,142422-52.csv,30,0.9,1.1,11490,1449.5,0.3725720774012483,798,0.12615317667536988
2021-05-17,142422-52.csv,30,0.9,1.1,11490,476.5,0.2611634160923213,783,0.041470844212358575
2021-05-17,142422-52.csv,30,0.9,1.1,11490,2643.5,0.47404156207146586,797,0.23006962576153175
2021-05-17,142422-52.csv,30,0.9,1.1,11490,121,0.19472111775773926,795,0.010530896431679721
2021-05-17,142422-52.csv,30,0.9,1.1,11490,8,0.10588961643555084,781,6.962576153176675e-4
2021-05-17,142422-52.csv,30,0.9,1.1,11490,3990,0.602483640235051,805,0.3472584856396867
2021-05-17,142422-52.csv,30,0.9,1.1,11490,186,0.21482543436401857,790,0.01618798955613577
2021-05-17,142422-52.csv,30,0.9,1.1,11490,4807,0.6770477936108935,789,0.41836379460400347
2021-05-17,142422-52.csv,30,0.9,1.1,11490,2834,0.4909333035801322,809,0.24664926022628372
2021-05-17,142422-52.csv,30,0.9,1.1,11490,5077.5,0.7099505363564242,787,0.44190600522193213
2021-05-17,142422-52.csv,30,0.9,1.1,11490,5567,0.74918079131713,804,0.4845082680591819
2021-05-17,142422-54.csv,30,0.9,1.1,11490,7995,0.9651692248890038,829,0.695822454308094
2021-05-17,142422-54.csv,30,0.9,1.1,11490,0,0.06783612840083819,815,0
2021-05-17,142422-54.csv,30,0.9,1.1,11490,6326.5,0.8181368251684259,814,0.550609225413403
2021-05-17,142422-54.csv,30,0.9,1.1,11490,4,0.07929520233667697,812,3.4812880765883376e-4
2021-05-17,142422-54.csv,30,0.9,1.1,11490,596,0.2797835878931052,811,0.05187119234116623
2021-05-17,142422-54.csv,30,0.9,1.1,11490,3245.5,0.5387737833959558,835,0.2824630113141863
2021-05-17,142422-54.csv,30,0.9,1.1,11490,3980.5,0.6016502634738711,819,0.34643167972149697
2021-05-17,142422-54.csv,30,0.9,1.1,11490,5737,0.755927519725094,818,0.49930374238468234
2021-05-17,142422-54.csv,30,0.9,1.1,11490,2,0.10021328776014227,837,1.7406440382941688e-4
2021-05-17,142422-54.csv,30,0.9,1.1,11490,39.5,0.15715943465579074,832,0.0034377719756309836
2021-05-17,142422-54.csv,30,0.9,1.1,11490,4.5,0.09293569299145121,813,3.91644908616188e-4
2021-05-17,142422-54.csv,30,0.9,1.1,11490,2275,0.4425450854449403,822,0.19799825935596171
2021-05-17,142422-54.csv,30,0.9,1.1,11490,6621.5,0.8318607305124565,820,0.576283724978242
2021-05-17,142422-54.csv,30,0.9,1.1,11490,2,0.07550556466819358,817,1.7406440382941688e-4
2021-05-17,142422-54.csv,30,0.9,1.1,11490,1,0.041596364701072086,826,8.703220191470844e-5
2021-05-17,142422-54.csv,30,0.9,1.1,11490,3618.5,0.5660973572449113,827,0.3149260226283725
2021-05-17,142422-54.csv,30,0.9,1.1,11490,5854.5,0.7605644257814982,833,0.5095300261096606
2021-05-17,142422-54.csv,30,0.9,1.1,11490,4413,0.6445152934102975,834,0.38407310704960834
2021-05-17,142422-54.csv,30,0.9,1.1,11490,1,0.07555937104872268,830,8.703220191470844e-5
2021-05-17,142422-54.csv,30,0.9,1.1,11490,0.5,0.03311225554099484,821,4.351610095735422e-5
2021-05-17,142422-54.csv,30,0.9,1.1,11490,2981,0.49771344925495986,825,0.2594429939077459
2021-05-17,142422-54.csv,30,0.9,1.1,11490,1250,0.3484372336680278,836,0.10879025239338555
2021-05-17,142422-54.csv,30,0.9,1.1,11490,1052.5,0.3294216837527988,831,0.09160139251523064
2021-05-17,142422-54.csv,30,0.9,1.1,11490,0,0.012316616938475744,823,0
2021-05-17,142422-54.csv,30,0.9,1.1,11490,6.5,0.10889108449075202,838,5.657093124456048e-4
2021-05-17,142422-54.csv,30,0.9,1.1,11490,4,0.08876629831395866,824,3.4812880765883376e-4
2021-05-17,142422-54.csv,30,0.9,1.1,11490,258.5,0.22725554979520246,840,0.022497824194952134
2021-05-17,142422-54.csv,30,0.9,1.1,11490,3358,0.535433468306287,816,0.29225413402959094
2021-05-17,142422-54.csv,30,0.9,1.1,11490,160.5,0.20365737667624495,828,0.013968668407310704
2021-05-17,142422-54.csv,30,0.9,1.1,11490,4712,0.6661370587507947,839,0.4100957354221062
2021-05-17,142422-56.csv,30,0.9,1.1,11490,53.5,0.16167568472714777,868,0.0046562228024369014
2021-05-17,142422-56.csv,30,0.9,1.1,11490,7801.5,0.9389566450974194,853,0.6789817232375979
2021-05-17,142422-56.csv,30,0.9,1.1,11490,2145.5,0.4296081114148853,857,0.18672758920800697
2021-05-17,142422-56.csv,30,0.9,1.1,11490,6.5,0.07590745301872337,841,5.657093124456048e-4
2021-05-17,142422-56.csv,30,0.9,1.1,11490,7768,0.9446980623573648,869,0.6760661444734551
2021-05-17,142422-56.csv,30,0.9,1.1,11490,4349.5,0.6295401002974511,844,0.37854656222802435
2021-05-17,142422-56.csv,30,0.9,1.1,11490,5700,0.7528162733888879,843,0.4960835509138381
2021-05-17,142422-56.csv,30,0.9,1.1,11490,2160,0.42652704303437317,867,0.18798955613577023
2021-05-17,142422-56.csv,30,0.9,1.1,11490,2919.5,0.5046077314598028,850,0.2540905134899913
2021-05-17,142422-56.csv,30,0.9,1.1,11490,864.5,0.3093722370419353,866,0.07523933855526545
2021-05-17,142422-56.csv,30,0.9,1.1,11490,12,0.11492760550129788,846,0.0010443864229765013
2021-05-17,142422-56.csv,30,0.9,1.1,11490,282.5,0.2319272014719066,864,0.024586597040905135
2021-05-17,142422-56.csv,30,0.9,1.1,11490,0,0.030698717788455454,854,0
2021-05-17,142422-56.csv,30,0.9,1.1,11490,4798,0.6701244963930458,848,0.4175805047867711
2021-05-17,142422-56.csv,30,0.9,1.1,11490,1019.5,0.3287742433565518,852,0.08872932985204526
2021-05-17,142422-56.csv,30,0.9,1.1,11490,662,0.2883846473581728,849,0.05761531766753699
2021-05-17,142422-56.csv,30,0.9,1.1,11490,7001.5,0.8709410760159166,855,0.6093559617058312
2021-05-17,142422-56.csv,30,0.9,1.1,11490,6012.5,0.781782893231153,861,0.5232811140121845
2021-05-17,142422-56.csv,30,0.9,1.1,11490,766,0.2954008964250492,842,0.06666666666666667
2021-05-17,142422-56.csv,30,0.9,1.1,11490,7833,0.9559626240754783,860,0.6817232375979112
2021-05-17,142422-56.csv,30,0.9,1.1,11490,69,0.16811933324396144,859,0.0060052219321148825
2021-05-17,142422-56.csv,30,0.9,1.1,11490,5655.5,0.7469396323524465,858,0.4922106179286336
2021-05-17,142422-56.csv,30,0.9,1.1,11490,3967.5,0.5769443349407841,856,0.3453002610966057
2021-05-17,142422-56.csv,30,0.9,1.1,11490,3321,0.5335597555268043,845,0.28903394255874676
2021-05-17,142422-56.csv,30,0.9,1.1,11490,4031.5,0.5962569400198297,863,0.3508703220191471
2021-05-17,142422-56.csv,30,0.9,1.1,11490,1,0.045258639538885426,865,8.703220191470844e-5
2021-05-17,142422-56.csv,30,0.9,1.1,11490,5672.5,0.7338390367181342,870,0.49369016536118365
2021-05-17,142422-56.csv,30,0.9,1.1,11490,3953.5,0.594139511858437,862,0.34408181026979984
2021-05-17,142422-56.csv,30,0.9,1.1,11490,2744.5,0.479712938761351,847,0.23885987815491733
2021-05-17,142422-56.csv,30,0.9,1.1,11490,3141,0.5207724185768656,851,0.2733681462140992
2021-05-17,142423-53.csv,30,0.9,1.1,11490,103.5,0.1910598851040355,885,0.009007832898172323
2021-05-17,142423-53.csv,30,0.9,1.1,11490,17.5,0.12747386076458544,887,0.0015230635335073978
2021-05-17,142423-53.csv,30,0.9,1.1,11490,6659,0.8409625965040156,888,0.5795474325500435
2021-05-17,142423-53.csv,30,0.9,1.1,11490,4758,0.6810390773298745,880,0.4140992167101828
2021-05-17,142423-53.csv,30,0.9,1.1,11490,8163.5,0.98434012841330365,878,0.7104873803307223
2021-05-17,142423-53.csv,30,0.9,1.1,11490,1,0.05960708334275644,881,8.703220191470844e-5
2021-05-17,142423-53.csv,30,0.9,1.1,11490,4884.5,0.6622138206396869,896,0.4251087902523934
2021-05-17,142423-53.csv,30,0.9,1.1,11490,3495.5,0.5417358219491751,900,0.30422106179286335
2021-05-17,142423-53.csv,30,0.9,1.1,11490,6.5,0.09934619774098308,899,5.657093124456048e-4
2021-05-17,142423-53.csv,30,0.9,1.1,11490,1087.5,0.33259479366787736,876,0.09464751958224543
2021-05-17,142423-53.csv,30,0.9,1.1,11490,4031.5,0.6167582407705492,873,0.3508703220191471
2021-05-17,142423-53.csv,30,0.9,1.1,11490,6497,0.8285069528352189,893,0.5654482158398607
2021-05-17,142423-53.csv,30,0.9,1.1,11490,7456,0.9085290020953307,871,0.6489120974760662
2021-05-17,142423-53.csv,30,0.9,1.1,11490,5774.5,0.7668652332949341,877,0.502567449956484
2021-05-17,142423-53.csv,30,0.9,1.1,11490,1,0.03209984248030673,892,8.703220191470844e-5
2021-05-17,142423-53.csv,30,0.9,1.1,11490,4286,0.6218024489251901,895,0.37302001740644036
2021-05-17,142423-53.csv,30,0.9,1.1,11490,7075,0.8456372661399212,886,0.6157528285465622
2021-05-17,142423-53.csv,30,0.9,1.1,11490,308.5,0.23351335898339787,882,0.026849434290687556
2021-05-17,142423-53.csv,30,0.9,1.1,11490,2299,0.4413360683725339,890,0.2000870322019147
2021-05-17,142423-53.csv,30,0.9,1.1,11490,2824,0.49141355253786,889,0.24577893820713664
2021-05-17,142423-53.csv,30,0.9,1.1,11490,1,0.06844114265392509,894,8.703220191470844e-5
2021-05-17,142423-53.csv,30,0.9,1.1,11490,6115.5,0.7938989427822102,884,0.5322454308093995
2021-05-17,142423-53.csv,30,0.9,1.1,11490,186.5,0.2085471476919173,874,0.016231505657093123
2021-05-17,142423-53.csv,30,0.9,1.1,11490,5368.5,0.7219627014958093,875,0.46723237597911227
2021-05-17,142423-53.csv,30,0.9,1.1,11490,515,0.26696567386469316,897,0.044821583986074845
2021-05-17,142423-53.csv,30,0.9,1.1,11490,6202.5,0.7925794262844021,883,0.5398172323759791
2021-05-17,142423-53.csv,30,0.9,1.1,11490,0,0.013886275930732106,891,0
2021-05-17,142423-53.csv,30,0.9,1.1,11490,1,0.042383646089832916,879,8.703220191470844e-5
2021-05-17,142423-53.csv,30,0.9,1.1,11490,6633,0.8238596527535428,872,0.5772845953002611
2021-05-17,142423-53.csv,30,0.9,1.1,11490,6566,0.8246878073335755,898,0.5714534377719757
2021-05-17,142423-55.csv,30,0.9,1.1,11490,2799,0.4758479516784795,911,0.24360313315926893
2021-05-17,142423-55.csv,30,0.9,1.1,11490,1681,0.3878626759553483,908,0.14630113141862489
2021-05-17,142423-55.csv,30,0.9,1.1,11490,4296.5,0.6179354252784814,927,0.37393385552654484
2021-05-17,142423-55.csv,30,0.9,1.1,11490,8068.5,0.9429616948808266,915,0.702219321148825
2021-05-17,142423-55.csv,30,0.9,1.1,11490,5443.5,0.7131814070769373,928,0.4737597911227154
2021-05-17,142423-55.csv,30,0.9,1.1,11490,256.5,0.22846571754659684,914,0.022323759791122715
2021-05-17,142423-55.csv,30,0.9,1.1,11490,5659.5,0.7390283515540205,916,0.4925587467362924
2021-05-17,142423-55.csv,30,0.9,1.1,11490,91,0.17562745805061952,925,0.007919930374238469
2021-05-17,142423-55.csv,30,0.9,1.1,11490,23,0.13476483898057157,909,0.002001740644038294
2021-05-17,142423-55.csv,30,0.9,1.1,11490,7455.5,0.916008957082777,923,0.6488685813751088
2021-05-17,142423-55.csv,30,0.9,1.1,11490,3480.5,0.5488743636793715,913,0.3029155787641427
2021-05-17,142423-55.csv,30,0.9,1.1,11490,4263,0.6245932635771725,926,0.37101827676240207
2021-05-17,142423-55.csv,30,0.9,1.1,11490,6287.5,0.8075409385681266,905,0.5472149695387293
2021-05-17,142423-55.csv,30,0.9,1.1,11490,3111.5,0.5196361727681581,919,0.2708006962576153
2021-05-17,142423-55.csv,30,0.9,1.1,11490,0,0.017667018102539234,930,0
2021-05-17,142423-55.csv,30,0.9,1.1,11490,881,0.3175185025437668,918,0.07667536988685814
2021-05-17,142423-55.csv,30,0.9,1.1,11490,3773,0.5823249907472382,907,0.328372497824195
2021-05-17,142423-55.csv,30,0.9,1.1,11490,1145.5,0.33536503292574893,903,0.09969538729329852
2021-05-17,142423-55.csv,30,0.9,1.1,11490,0,0.002684059899877189,901,0
2021-05-17,142423-55.csv,30,0.9,1.1,11490,1177.5,0.34168665978411994,906,0.10248041775456919
2021-05-17,142423-55.csv,30,0.9,1.1,11490,442,0.25134020290245473,902,0.03846823324630113
2021-05-17,142423-55.csv,30,0.9,1.1,11490,4559,0.6323894337461813,917,0.3967798085291558
2021-05-17,142423-55.csv,30,0.9,1.1,11490,2120,0.42271310798201944,912,0.18450826805918188
2021-05-17,142423-55.csv,30,0.9,1.1,11490,4375.5,0.6296614342919082,904,0.3808093994778068
2021-05-17,142423-55.csv,30,0.9,1.1,11490,6570,0.8268105017575461,922,0.5718015665796344
2021-05-17,142423-55.csv,30,0.9,1.1,11490,2557,0.4668301734352951,921,0.2225413402959095
2021-05-17,142423-55.csv,30,0.9,1.1,11490,2264,0.4425499841742204,910,0.1970409051348999
2021-05-17,142423-55.csv,30,0.9,1.1,11490,2887,0.4935095786323004,929,0.25126196692776326
2021-05-17,142423-55.csv,30,0.9,1.1,11490,6026,0.7772174678650979,924,0.5244560487380331
2021-05-17,142423-55.csv,30,0.9,1.1,11490,6897.5,0.8652239024357855,920,0.6003046127067014
2021-05-17,142423-57.csv,30,0.9,1.1,11490,14.5,0.12388362589368307,931,0.0012619669277632725
2021-05-17,142423-57.csv,30,0.9,1.1,11490,5239.5,0.698113306505799,958,0.4560052219321149
2021-05-17,142423-57.csv,30,0.9,1.1,11490,6884.5,0.8416894611584211,933,0.5991731940818102
2021-05-17,142423-57.csv,30,0.9,1.1,11490,6008,0.7783841532672988,955,0.5228894691035684
2021-05-17,142423-57.csv,30,0.9,1.1,11490,5292,0.7146330114044998,941,0.4605744125326371
2021-05-17,142423-57.csv,30,0.9,1.1,11490,1712.5,0.3919086959441036,932,0.14904264577893822
2021-05-17,142423-57.csv,30,0.9,1.1,11490,2171,0.435002942039304,944,0.18894691035683203
2021-05-17,142423-57.csv,30,0.9,1.1,11490,123,0.19007028153125038,953,0.010704960835509139
2021-05-17,142423-57.csv,30,0.9,1.1,11490,4,0.09270819874945713,938,3.4812880765883376e-4
2021-05-17,142423-57.csv,30,0.9,1.1,11490,6070.5,0.7725131403293484,942,0.5283289817232376
2021-05-17,142423-57.csv,30,0.9,1.1,11490,6001,0.7864532235688468,957,0.5222802436901653
2021-05-17,142423-57.csv,30,0.9,1.1,11490,2750,0.4821724445194986,940,0.23933855526544823
2021-05-17,142423-57.csv,30,0.9,1.1,11490,524.5,0.2666450370557236,935,0.04564838990426458
2021-05-17,142423-57.csv,30,0.9,1.1,11490,3238.5,0.5305508941633275,936,0.2818537859007833
2021-05-17,142423-57.csv,30,0.9,1.1,11490,6067,0.7732839402430252,945,0.5280243690165362
2021-05-17,142423-57.csv,30,0.9,1.1,11490,1302.5,0.3543455898522686,943,0.11335944299390775
2021-05-17,142423-57.csv,30,0.9,1.1,11490,430,0.25840998629528755,946,0.03742384682332463
2021-05-17,142423-57.csv,30,0.9,1.1,11490,8325,0.9669944642343941,956,0.7245430809399478
2021-05-17,142423-57.csv,30,0.9,1.1,11490,1,0.05217946800749007,939,8.703220191470844e-5
2021-05-17,142423-57.csv,30,0.9,1.1,11490,2136.5,0.42452290030919215,960,0.1859442993907746
2021-05-17,142423-57.csv,30,0.9,1.1,11490,224.5,0.22027111415550482,951,0.019538729329852046
2021-05-17,142423-57.csv,30,0.9,1.1,11490,695,0.2928825039478188,959,0.060487380330722366
2021-05-17,142423-57.csv,30,0.9,1.1,11490,122,0.19142352501973325,937,0.010617928633594429
2021-05-17,142423-57.csv,30,0.9,1.1,11490,6009,0.7706101208900359,948,0.522976501305483
2021-05-17,142423-57.csv,30,0.9,1.1,11490,5848,0.7469369882015449,954,0.508964316797215
2021-05-17,142423-57.csv,30,0.9,1.1,11490,24,0.13472082346711145,947,0.0020887728459530026
2021-05-17,142423-57.csv,30,0.9,1.1,11490,1497,0.3735206651572799,934,0.13028720626631854
2021-05-17,142423-57.csv,30,0.9,1.1,11490,1881.5,0.4067433815011161,949,0.16375108790252393
2021-05-17,142423-57.csv,30,0.9,1.1,11490,7386,0.8977598093919521,952,0.6428198433420366
2021-05-17,142423-57.csv,30,0.9,1.1,11490,3305.5,0.5313838988520283,950,0.28768494342906875
2021-05-17,142423-58.csv,30,0.9,1.1,11490,1687,0.39500122418271755,965,0.14682332463011313
2021-05-17,142423-58.csv,30,0.9,1.1,11490,6,0.10456748982996333,971,5.221932114882506e-4
2021-05-17,142423-58.csv,30,0.9,1.1,11490,3622.5,0.5602009787968618,988,0.3152741514360313
2021-05-17,142423-58.csv,30,0.9,1.1,11490,6707,0.8334092527065733,976,0.5837249782419495
2021-05-17,142423-58.csv,30,0.9,1.1,11490,6210.5,0.8012831584564716,968,0.5405134899912968
2021-05-17,142423-58.csv,30,0.9,1.1,11490,0,0.04774407683355775,966,0
2021-05-17,142423-58.csv,30,0.9,1.1,11490,0,0.014010717444034704,962,0
2021-05-17,142423-58.csv,30,0.9,1.1,11490,5688,0.7444566083029048,969,0.4950391644908616
2021-05-17,142423-58.csv,30,0.9,1.1,11490,1853.5,0.40816150882909985,967,0.16131418624891208
2021-05-17,142423-58.csv,30,0.9,1.1,11490,8218.5,0.9830482100961632,984,0.7152741514360313
2021-05-17,142423-58.csv,30,0.9,1.1,11490,102,0.18944830293527237,964,0.008877284595300261
2021-05-17,142423-58.csv,30,0.9,1.1,11490,1,0.08518118310281952,990,8.703220191470844e-5
2021-05-17,142423-58.csv,30,0.9,1.1,11490,14,0.11676076500297683,970,0.0012184508268059183
2021-05-17,142423-58.csv,30,0.9,1.1,11490,4783.5,0.6734324356059961,981,0.41631853785900785
2021-05-17,142423-58.csv,30,0.9,1.1,11490,1335,0.36125630800262576,975,0.11618798955613577
2021-05-17,142423-58.csv,30,0.9,1.1,11490,2,0.07107642169313377,982,1.7406440382941688e-4
2021-05-17,142423-58.csv,30,0.9,1.1,11490,0,0.04964214447996251,978,0
2021-05-17,142423-58.csv,30,0.9,1.1,11490,2409,0.45393968751660274,973,0.20966057441253264
2021-05-17,142423-58.csv,30,0.9,1.1,11490,5811.5,0.7637503230734136,961,0.5057876414273281
2021-05-17,142423-58.csv,30,0.9,1.1,11490,1,0.06131837619364633,983,8.703220191470844e-5
2021-05-17,142423-58.csv,30,0.9,1.1,11490,120,0.18743017179895072,980,0.010443864229765013
2021-05-17,142423-58.csv,30,0.9,1.1,11490,0,0.031348915594842985,974,0
2021-05-17,142423-58.csv,30,0.9,1.1,11490,1737.5,0.398554782296907,987,0.1512184508268059
2021-05-17,142423-58.csv,30,0.9,1.1,11490,6744.5,0.8475493458175735,989,0.5869886858137511
2021-05-17,142423-58.csv,30,0.9,1.1,11490,0,0.0017139808798160017,963,0
2021-05-17,142423-58.csv,30,0.9,1.1,11490,1336,0.35693862613001615,985,0.11627502175805048
2021-05-17,142423-58.csv,30,0.9,1.1,11490,6128.5,0.7974495622953374,972,0.5333768494342906
2021-05-17,142423-58.csv,30,0.9,1.1,11490,0.5,0.06997165434675345,977,4.351610095735422e-5
2021-05-17,142423-58.csv,30,0.9,1.1,11490,6169,0.7928870031448498,979,0.5369016536118364
2021-05-17,142423-58.csv,30,0.9,1.1,11490,199.5,0.20957465287057186,986,0.017362924281984334
2021-05-17,142423-59.csv,30,0.9,1.1,11490,3932.5,0.5965480046320835,995,0.34225413402959093
2021-05-17,142423-59.csv,30,0.9,1.1,11490,53.5,0.16113923811461583,1018,0.0046562228024369014
2021-05-17,142423-59.csv,30,0.9,1.1,11490,2648,0.4787366507589631,1002,0.23046127067014796
2021-05-17,142423-59.csv,30,0.9,1.1,11490,8126.5,0.9656567463062274,996,0.7072671888598782
2021-05-17,142423-59.csv,30,0.9,1.1,11490,199.5,0.21591504321756927,1012,0.017362924281984334
2021-05-17,142423-59.csv,30,0.9,1.1,11490,6616,0.8465509681673511,1009,0.575805047867711
2021-05-17,142423-59.csv,30,0.9,1.1,11490,883.5,0.3107644422856729,1020,0.07689295039164491
2021-05-17,142423-59.csv,30,0.9,1.1,11490,3.5,0.1041588216472702,1016,3.0461270670147957e-4
2021-05-17,142423-59.csv,30,0.9,1.1,11490,368,0.2509797082279166,1000,0.03202785030461271
2021-05-17,142423-59.csv,30,0.9,1.1,11490,2578.5,0.46312011443537426,997,0.22441253263707572
2021-05-17,142423-59.csv,30,0.9,1.1,11490,1174.5,0.34126611824859465,999,0.10221932114882507
2021-05-17,142423-59.csv,30,0.9,1.1,11490,3027,0.5094910359913566,994,0.2634464751958224
2021-05-17,142423-59.csv,30,0.9,1.1,11490,4507,0.6546121489379475,1003,0.392254134029591
2021-05-17,142423-59.csv,30,0.9,1.1,11490,36,0.1381918333874096,1019,0.003133159268929504
2021-05-17,142423-59.csv,30,0.9,1.1,11490,117,0.18613664185185685,998,0.010182767624020888
2021-05-17,142423-59.csv,30,0.9,1.1,11490,4842,0.680814398730895,991,0.42140992167101826
2021-05-17,142423-59.csv,30,0.9,1.1,11490,7675,0.9244749754385146,1005,0.6679721496953873
2021-05-17,142423-59.csv,30,0.9,1.1,11490,157,0.2044180091698956,1001,0.013664055700609225
2021-05-17,142423-59.csv,30,0.9,1.1,11490,7191.5,0.8864770579405276,993,0.6258920800696257
2021-05-17,142423-59.csv,30,0.9,1.1,11490,373.5,0.24386239309944968,1007,0.0325065274151436
2021-05-17,142423-59.csv,30,0.9,1.1,11490,5400.5,0.723585489984313,1008,0.4700174064403829
2021-05-17,142423-59.csv,30,0.9,1.1,11490,47,0.1533376190760941,1004,0.004090513489991297
2021-05-17,142423-59.csv,30,0.9,1.1,11490,2187,0.4197122690989814,1011,0.19033942558746736
2021-05-17,142423-59.csv,30,0.9,1.1,11490,1,0.03767122748412999,1015,8.703220191470844e-5
2021-05-17,142423-59.csv,30,0.9,1.1,11490,4813,0.6650120495730334,1017,0.41888598781549174
2021-05-17,142423-59.csv,30,0.9,1.1,11490,2176,0.4412965613064589,1010,0.18938207136640556
2021-05-17,142423-59.csv,30,0.9,1.1,11490,6410.5,0.7963367481865431,1014,0.5579199303742385
2021-05-17,142423-59.csv,30,0.9,1.1,11490,5197.5,0.7162357870252136,1013,0.45234986945169714
2021-05-17,142423-59.csv,30,0.9,1.1,11490,3390.5,0.5340687883452709,992,0.29508268059181897
2021-05-17,142423-59.csv,30,0.9,1.1,11490,3230,0.525473971128032,1006,0.28111401218450827
2021-05-17,142423-60.csv,30,0.9,1.1,11490,1983.5,0.40998764725572745,1042,0.1726283724978242
2021-05-17,142423-60.csv,30,0.9,1.1,11490,5576,0.7278155182590331,1037,0.48529155787641426
2021-05-17,142423-60.csv,30,0.9,1.1,11490,59,0.16918779801531802,1029,0.005134899912967798
2021-05-17,142423-60.csv,30,0.9,1.1,11490,5500.5,0.7296302053521162,1030,0.4787206266318538
2021-05-17,142423-60.csv,30,0.9,1.1,11490,2276,0.44454380603593924,1031,0.1980852915578764
2021-05-17,142423-60.csv,30,0.9,1.1,11490,6997.5,0.8707653201836496,1023,0.6090078328981723
2021-05-17,142423-60.csv,30,0.9,1.1,11490,5833.5,0.7475594854052896,1050,0.5077023498694517
2021-05-17,142423-60.csv,30,0.9,1.1,11490,6613,0.8452119224117415,1046,0.5755439512619669
2021-05-17,142423-60.csv,30,0.9,1.1,11490,7207,0.8972788399268385,1039,0.6272410791993037
2021-05-17,142423-60.csv,30,0.9,1.1,11490,37,0.14961361937614304,1022,0.0032201914708442124
2021-05-17,142423-60.csv,30,0.9,1.1,11490,5690,0.7468208885439899,1038,0.49521322889469105
2021-05-17,142423-60.csv,30,0.9,1.1,11490,7536,0.8984645685856573,1021,0.6558746736292428
2021-05-17,142423-60.csv,30,0.9,1.1,11490,2318,0.4510392703143573,1028,0.20174064403829417
2021-05-17,142423-60.csv,30,0.9,1.1,11490,484,0.2606009858275198,1034,0.042123585726718885
2021-05-17,142423-60.csv,30,0.9,1.1,11490,1912.5,0.40882102563009537,1024,0.1664490861618799
2021-05-17,142423-60.csv,30,0.9,1.1,11490,61.5,0.1649482773039176,1045,0.005352480417754569
2021-05-17,142423-60.csv,30,0.9,1.1,11490,0,0.015073623710879946,1032,0
2021-05-17,142423-60.csv,30,0.9,1.1,11490,2431.5,0.4571968085884204,1047,0.21161879895561359
2021-05-17,142423-60.csv,30,0.9,1.1,11490,0,0.04237186487654809,1048,0
2021-05-17,142423-60.csv,30,0.9,1.1,11490,6885.5,0.8564222312112751,1041,0.599260226283725
2021-05-17,142423-60.csv,30,0.9,1.1,11490,8289,0.9758958698324347,1035,0.7214099216710183
2021-05-17,142423-60.csv,30,0.9,1.1,11490,6777.5,0.8381065059796903,1040,0.5898607484769365
2021-05-17,142423-60.csv,30,0.9,1.1,11490,3515.5,0.5608008475262983,1036,0.3059617058311575
2021-05-17,142423-60.csv,30,0.9,1.1,11490,29,0.13351730561643615,1027,0.002523933855526545
2021-05-17,142423-60.csv,30,0.9,1.1,11490,398.5,0.25089872840983185,1044,0.03468233246301131
2021-05-17,142423-60.csv,30,0.9,1.1,11490,7491,0.9219253413268451,1033,0.6519582245430809
2021-05-17,142423-60.csv,30,0.9,1.1,11490,15.5,0.11317014595222319,1043,0.0013489991296779808
2021-05-17,142423-60.csv,30,0.9,1.1,11490,1680.5,0.3888284769217991,1049,0.14625761531766754
2021-05-17,142423-60.csv,30,0.9,1.1,11490,0,0.003670976173651863,1026,0
2021-05-17,142423-60.csv,30,0.9,1.1,11490,3,0.07823894309693202,1025,2.610966057441253e-4
